Timestamp,EventType,UserId,Department,Severity,Status,DurationMs,Raw Data
2025-11-03T08:25:21.271Z,user.logout,usr_28289,Sales,INFO,success,4482,"{""request_id"":""bac01a07-182a-f742-e04d-c6d552b8d6c3"",""trace_id"":""50cb13c1d6285f5502cf1f86214b1b46"",""http"":{""method"":""DELETE"",""path"":""/api/v2/users/me"",""status_code"":200,""latency_ms"":1740,""user_agent"":""Mozilla/5.0 (X11; Linux x86_64) AppleWebKit/537.36 (KHTML, like Gecko) Chrome/119.0.0.0 Safari/537.36""},""client"":{""ip_address"":""17.108.161.55"",""country"":""IE"",""device_type"":""server""},""context"":{""session_id"":""sess_8e2e127651e9cbdef7c6682a"",""tenant_id"":""tnt_796"",""region"":""us-west-2"",""feature_flags"":[""new_ui"",""export_v3"",""audit_v2""]},""metadata"":{""source"":""mobile"",""severity"":""INFO"",""retry_count"":0,""correlation_id"":""d37f8a2f-d30e-5fa4-9ad5-31b1cc9cee9f""}}"
2025-11-03T08:34:26.760Z,permission.revoke,usr_36365,HR,INFO,success,3283,"{""request_id"":""8d11c4a1-1acb-1cb4-c129-0e91970dd757"",""trace_id"":""78bdb64d1008e7f281c8dbac1f79906b"",""http"":{""method"":""PATCH"",""path"":""/api/v2/permissions"",""status_code"":200,""latency_ms"":2131,""user_agent"":""Mozilla/5.0 (Macintosh; Intel Mac OS X 10_15_7) AppleWebKit/605.1.15 (KHTML, like Gecko) Version/17.2 Safari/605.1.15""},""client"":{""ip_address"":""98.1.199.68"",""country"":""IE"",""device_type"":""tablet""},""context"":{""session_id"":""sess_79e030bb4bb9fbcfcc16d1bc"",""tenant_id"":""tnt_529"",""region"":""ap-southeast-1"",""feature_flags"":[""export_v3"",""ai_assist"",""audit_v2""]},""metadata"":{""source"":""mobile"",""severity"":""INFO"",""retry_count"":0,""correlation_id"":""04126e38-4ca8-dc02-e5c1-53f83a3de2dd""}}"
2025-11-03T08:43:57.424Z,user.password_reset,usr_54942,Finance,INFO,success,2177,"{""request_id"":""bc72ba4e-2f87-adce-b5e7-eb35b501d57e"",""trace_id"":""1ff7af4712fd6b91085311a0642c2564"",""http"":{""method"":""PATCH"",""path"":""/api/v2/audit-log"",""status_code"":200,""latency_ms"":1040,""user_agent"":""Mozilla/5.0 (Windows NT 10.0; Win64; x64) AppleWebKit/537.36 (KHTML, like Gecko) Chrome/120.0.0.0 Safari/537.36""},""client"":{""ip_address"":""30.133.91.149"",""country"":""JP"",""device_type"":""desktop""},""context"":{""session_id"":""sess_d7547d602b7a057c44d33746"",""tenant_id"":""tnt_813"",""region"":""ap-northeast-1"",""feature_flags"":[""export_v3"",""beta_search""]},""metadata"":{""source"":""api"",""severity"":""INFO"",""retry_count"":0,""correlation_id"":""76f36a33-0748-8809-fc34-c1310eab19c8""}}"
2025-11-03T08:54:46.012Z,permission.revoke,usr_62383,Finance,INFO,success,1223,"{""request_id"":""1f8b1d8e-8487-8f98-2129-128c31244cee"",""trace_id"":""16e0c77487b076a69a5367191279a646"",""http"":{""method"":""GET"",""path"":""/api/v2/documents"",""status_code"":200,""latency_ms"":1753,""user_agent"":""AcmeCorpMobile/4.12.0 (iOS 17.2; iPhone15,3)""},""client"":{""ip_address"":""43.239.65.252"",""country"":""AU"",""device_type"":""desktop""},""context"":{""session_id"":""sess_6ac7e8fb26408446272c9ab5"",""tenant_id"":""tnt_329"",""region"":""eu-central-1"",""feature_flags"":[""new_ui"",""ai_assist"",""export_v3""]},""metadata"":{""source"":""api"",""severity"":""INFO"",""retry_count"":0,""correlation_id"":""0ae1e9d0-825f-df3d-a366-0c1d3db575c4""}}"
2025-11-03T09:09:20.072Z,document.share,usr_93307,Support,WARN,success,1268,"{""request_id"":""2987241c-2818-64a9-4f90-52422a0c1791"",""trace_id"":""998ac3161359574582321d04df00923d"",""http"":{""method"":""POST"",""path"":""/api/v2/webhooks"",""status_code"":200,""latency_ms"":2149,""user_agent"":""Mozilla/5.0 (Macintosh; Intel Mac OS X 10_15_7) AppleWebKit/605.1.15 (KHTML, like Gecko) Version/17.2 Safari/605.1.15""},""client"":{""ip_address"":""76.116.184.46"",""country"":""JP"",""device_type"":""desktop""},""context"":{""session_id"":""sess_e2bb3e9da39984fb29dc69cb"",""tenant_id"":""tnt_255"",""region"":""eu-west-1"",""feature_flags"":[""export_v3""]},""metadata"":{""source"":""mobile"",""severity"":""WARN"",""retry_count"":0,""correlation_id"":""c1d71688-373b-d002-cf1f-cfa7893b1338""}}"
2025-11-03T09:21:08.015Z,document.create,usr_87304,Finance,ERROR,failure,3497,"{""request_id"":""2ecbf338-d836-298c-b742-ac1a2bf982f7"",""trace_id"":""9c95744df47936b8c424d6a87b0598b0"",""http"":{""method"":""DELETE"",""path"":""/api/v2/users/me"",""status_code"":401,""latency_ms"":622,""user_agent"":""Mozilla/5.0 (X11; Linux x86_64) AppleWebKit/537.36 (KHTML, like Gecko) Chrome/119.0.0.0 Safari/537.36""},""client"":{""ip_address"":""141.67.147.113"",""country"":""IE"",""device_type"":""desktop""},""context"":{""session_id"":""sess_a1f3a7c1d8de93279918e60e"",""tenant_id"":""tnt_984"",""region"":""ap-northeast-1"",""feature_flags"":[""audit_v2""]},""metadata"":{""source"":""cli"",""severity"":""ERROR"",""retry_count"":2,""correlation_id"":""2a339e89-5468-4016-17b4-966e9be4d8d8""}}"
2025-11-03T09:33:32.118Z,user.password_reset,usr_19807,Support,INFO,success,2186,"{""request_id"":""c4649bc1-31c7-dd8f-3ab4-b3557e17fffc"",""trace_id"":""619e18282a83fc8537283069d16533a6"",""http"":{""method"":""DELETE"",""path"":""/api/v2/permissions"",""status_code"":200,""latency_ms"":1640,""user_agent"":""Mozilla/5.0 (X11; Linux x86_64) AppleWebKit/537.36 (KHTML, like Gecko) Chrome/119.0.0.0 Safari/537.36""},""client"":{""ip_address"":""3.25.254.214"",""country"":""JP"",""device_type"":""mobile""},""context"":{""session_id"":""sess_5102edb38b5ec347f0e52f29"",""tenant_id"":""tnt_925"",""region"":""us-west-2"",""feature_flags"":[""ai_assist"",""audit_v2""]},""metadata"":{""source"":""web"",""severity"":""INFO"",""retry_count"":0,""correlation_id"":""8ce165c6-a2d8-5265-d19a-41c837debb39""}}"
2025-11-03T09:35:16.780Z,document.create,usr_58629,Legal,ERROR,success,1280,"{""request_id"":""72b50881-5d55-b620-d8c0-ab41e0c0014e"",""trace_id"":""a2ee2fdaea514af2be7dc985d81b38ab"",""http"":{""method"":""GET"",""path"":""/api/v2/webhooks"",""status_code"":200,""latency_ms"":2016,""user_agent"":""PostmanRuntime/7.36.1""},""client"":{""ip_address"":""217.205.218.176"",""country"":""GB"",""device_type"":""server""},""context"":{""session_id"":""sess_8cc4ece246387dd078174867"",""tenant_id"":""tnt_847"",""region"":""eu-central-1"",""feature_flags"":[""audit_v2""]},""metadata"":{""source"":""cli"",""severity"":""ERROR"",""retry_count"":0,""correlation_id"":""425e9ccc-c7d5-eb4d-757b-335d0e91d55d""}}"
2025-11-03T09:40:06.851Z,permission.revoke,usr_91490,Engineering,INFO,success,2205,"{""request_id"":""345afe6c-eac0-6784-f534-cbefbc287987"",""trace_id"":""20d57d393b16ba030e234da97fe615c6"",""http"":{""method"":""POST"",""path"":""/api/v2/documents"",""status_code"":200,""latency_ms"":1131,""user_agent"":""AcmeCorpMobile/4.12.0 (iOS 17.2; iPhone15,3)""},""client"":{""ip_address"":""11.223.9.118"",""country"":""GB"",""device_type"":""tablet""},""context"":{""session_id"":""sess_7673d6a4f85c7d176c63414f"",""tenant_id"":""tnt_178"",""region"":""ap-southeast-1"",""feature_flags"":[""ai_assist"",""new_ui"",""beta_search""]},""metadata"":{""source"":""mobile"",""severity"":""INFO"",""retry_count"":0,""correlation_id"":""5e1de20f-ecf9-8844-e8c9-832b5c388bb5""}}"
2025-11-03T09:45:04.262Z,user.logout,usr_90610,Legal,INFO,timeout,3805,"{""request_id"":""049eb8d4-cfb1-88f5-5367-4b4c4d632e4c"",""trace_id"":""e536ec364ec75a53f04901eec3db4e6e"",""http"":{""method"":""GET"",""path"":""/api/v2/audit-log"",""status_code"":404,""latency_ms"":59787,""user_agent"":""Mozilla/5.0 (Macintosh; Intel Mac OS X 10_15_7) AppleWebKit/605.1.15 (KHTML, like Gecko) Version/17.2 Safari/605.1.15""},""client"":{""ip_address"":""47.84.224.12"",""country"":""CA"",""device_type"":""tablet""},""context"":{""session_id"":""sess_183811390588367f0e2b95dd"",""tenant_id"":""tnt_391"",""region"":""us-east-1"",""feature_flags"":[""beta_search""]},""metadata"":{""source"":""mobile"",""severity"":""INFO"",""retry_count"":0,""correlation_id"":""8e7c185a-7b65-16c5-1a4d-4eeb39e98aca""}}"
2025-11-03T09:48:49.530Z,user.password_reset,usr_65476,Sales,INFO,success,2375,"{""request_id"":""b178cd9a-1e37-a517-fc5c-a69b652a5c51"",""trace_id"":""d4eb54f89fec8b30b0b43692b035b42d"",""http"":{""method"":""PUT"",""path"":""/api/v2/auth/token"",""status_code"":200,""latency_ms"":511,""user_agent"":""Mozilla/5.0 (X11; Linux x86_64) AppleWebKit/537.36 (KHTML, like Gecko) Chrome/119.0.0.0 Safari/537.36""},""client"":{""ip_address"":""112.204.225.230"",""country"":""CA"",""device_type"":""tablet""},""context"":{""session_id"":""sess_f9952c7c7f34dc43387f858b"",""tenant_id"":""tnt_844"",""region"":""ap-southeast-1"",""feature_flags"":[""export_v3"",""sso_scim""]},""metadata"":{""source"":""mobile"",""severity"":""INFO"",""retry_count"":0,""correlation_id"":""bc65fae8-bec1-556b-e855-8ce56421daf9""}}"
2025-11-03T09:55:30.288Z,permission.grant,usr_68493,Finance,INFO,failure,2354,"{""request_id"":""c8f8c45c-33ff-51d0-e19a-558ecc36977c"",""trace_id"":""e4c885efe7bde3ff4153c202e3cfef4b"",""http"":{""method"":""POST"",""path"":""/api/v2/search"",""status_code"":400,""latency_ms"":567,""user_agent"":""Mozilla/5.0 (Windows NT 10.0; Win64; x64) AppleWebKit/537.36 (KHTML, like Gecko) Chrome/120.0.0.0 Safari/537.36""},""client"":{""ip_address"":""21.23.135.167"",""country"":""FR"",""device_type"":""server""},""context"":{""session_id"":""sess_a93391638cbf879804e4456e"",""tenant_id"":""tnt_878"",""region"":""ap-northeast-1"",""feature_flags"":[""export_v3"",""ai_assist""]},""metadata"":{""source"":""web"",""severity"":""INFO"",""retry_count"":2,""correlation_id"":""18d281ed-b367-1f44-0f98-939ac68105bb""}}"
2025-11-03T10:04:01.668Z,permission.revoke,usr_47453,Engineering,ERROR,success,895,"{""request_id"":""565b6b05-3c68-2ded-6545-e06bbbe498ee"",""trace_id"":""44f634939a54d73a921b9f6e1bd0a847"",""http"":{""method"":""POST"",""path"":""/api/v2/webhooks"",""status_code"":200,""latency_ms"":1095,""user_agent"":""Mozilla/5.0 (Macintosh; Intel Mac OS X 10_15_7) AppleWebKit/605.1.15 (KHTML, like Gecko) Version/17.2 Safari/605.1.15""},""client"":{""ip_address"":""106.104.210.129"",""country"":""IE"",""device_type"":""desktop""},""context"":{""session_id"":""sess_e04964f84529012313309495"",""tenant_id"":""tnt_673"",""region"":""eu-central-1"",""feature_flags"":[""audit_v2"",""ai_assist"",""new_ui""]},""metadata"":{""source"":""cli"",""severity"":""ERROR"",""retry_count"":0,""correlation_id"":""65e3b3c5-8290-022e-d11b-11bd749deaf7""}}"
2025-11-03T10:12:13.550Z,api.request,usr_52096,HR,INFO,failure,499,"{""request_id"":""bf7fb69f-3ba3-d438-9e82-0d4f82fa430f"",""trace_id"":""674c6dfe941a2618243a251bd83f63d3"",""http"":{""method"":""DELETE"",""path"":""/api/v2/users/me"",""status_code"":401,""latency_ms"":2203,""user_agent"":""Mozilla/5.0 (X11; Linux x86_64) AppleWebKit/537.36 (KHTML, like Gecko) Chrome/119.0.0.0 Safari/537.36""},""client"":{""ip_address"":""158.113.112.246"",""country"":""DE"",""device_type"":""server""},""context"":{""session_id"":""sess_e857901c85cdb0ef48d09c8b"",""tenant_id"":""tnt_564"",""region"":""eu-west-1"",""feature_flags"":[""export_v3""]},""metadata"":{""source"":""cli"",""severity"":""INFO"",""retry_count"":3,""correlation_id"":""b83a62a0-cb75-cbc9-b37f-e756866ce5df""}}"
2025-11-03T10:19:00.143Z,permission.grant,usr_12979,HR,INFO,timeout,3807,"{""request_id"":""1185e20d-b7a1-0cdb-8b1b-6810be314413"",""trace_id"":""e1732bf79b56477e36f9113e8b77e612"",""http"":{""method"":""PATCH"",""path"":""/api/v2/audit-log"",""status_code"":500,""latency_ms"":42428,""user_agent"":""Mozilla/5.0 (Macintosh; Intel Mac OS X 10_15_7) AppleWebKit/605.1.15 (KHTML, like Gecko) Version/17.2 Safari/605.1.15""},""client"":{""ip_address"":""85.40.230.217"",""country"":""SG"",""device_type"":""desktop""},""context"":{""session_id"":""sess_0b26bc009043a00d91061436"",""tenant_id"":""tnt_577"",""region"":""us-east-1"",""feature_flags"":[""ai_assist"",""audit_v2"",""export_v3""]},""metadata"":{""source"":""mobile"",""severity"":""INFO"",""retry_count"":0,""correlation_id"":""598d9405-47b1-ea27-3e04-161942998f5f""}}"
2025-11-03T10:31:22.884Z,permission.grant,usr_94123,Engineering,INFO,pending,4307,"{""request_id"":""a7e1cea0-85b9-9aa7-aa23-a7fdde102526"",""trace_id"":""c568113cbc6669bafc974db1092bc2bf"",""http"":{""method"":""GET"",""path"":""/api/v2/documents"",""status_code"":503,""latency_ms"":210,""user_agent"":""Mozilla/5.0 (X11; Linux x86_64) AppleWebKit/537.36 (KHTML, like Gecko) Chrome/119.0.0.0 Safari/537.36""},""client"":{""ip_address"":""5.106.73.193"",""country"":""CA"",""device_type"":""desktop""},""context"":{""session_id"":""sess_3f1646ec5bd71c464a289156"",""tenant_id"":""tnt_542"",""region"":""ap-southeast-1"",""feature_flags"":[""ai_assist""]},""metadata"":{""source"":""cli"",""severity"":""INFO"",""retry_count"":0,""correlation_id"":""c31cc2e6-e645-dca3-852d-ecf787dac5c4""}}"
2025-11-03T10:38:01.190Z,user.login,usr_83339,Finance,INFO,success,4283,"{""request_id"":""e2329ecf-7273-9c52-1908-de3a6464847e"",""trace_id"":""34094f6439146265d0fa8083c79e312e"",""http"":{""method"":""PATCH"",""path"":""/api/v2/workspaces"",""status_code"":200,""latency_ms"":706,""user_agent"":""AcmeCorpMobile/4.12.0 (iOS 17.2; iPhone15,3)""},""client"":{""ip_address"":""109.193.37.115"",""country"":""IE"",""device_type"":""server""},""context"":{""session_id"":""sess_7b5cd15fb647dad2118568e5"",""tenant_id"":""tnt_125"",""region"":""us-east-1"",""feature_flags"":[""new_ui"",""audit_v2""]},""metadata"":{""source"":""cli"",""severity"":""INFO"",""retry_count"":0,""correlation_id"":""cde53480-959d-884c-3bda-4df1ff47816f""}}"
2025-11-03T10:49:01.335Z,auth.mfa_challenge,usr_35863,Support,INFO,success,3533,"{""request_id"":""02cdf540-8d29-466d-558f-3ce4d13df5e6"",""trace_id"":""7e67f9ff93ef48b5a9e06979789fca13"",""http"":{""method"":""GET"",""path"":""/api/v2/webhooks"",""status_code"":200,""latency_ms"":891,""user_agent"":""Mozilla/5.0 (Windows NT 10.0; Win64; x64) AppleWebKit/537.36 (KHTML, like Gecko) Chrome/120.0.0.0 Safari/537.36""},""client"":{""ip_address"":""71.115.147.44"",""country"":""IE"",""device_type"":""server""},""context"":{""session_id"":""sess_dd25b807d13b825c8d1057fe"",""tenant_id"":""tnt_903"",""region"":""ap-southeast-1"",""feature_flags"":[""beta_search""]},""metadata"":{""source"":""web"",""severity"":""INFO"",""retry_count"":0,""correlation_id"":""52f4332d-e7b2-ee1e-4169-e2768cc62589""}}"
2025-11-03T10:59:01.085Z,user.login,usr_70089,Operations,WARN,failure,533,"{""request_id"":""092434e9-4bbd-8adf-88a7-0e3f2c52c5fb"",""trace_id"":""6317cda09ce18aa4d7e9c16cdd453e6e"",""http"":{""method"":""PATCH"",""path"":""/api/v2/audit-log"",""status_code"":401,""latency_ms"":1771,""user_agent"":""AcmeCorpMobile/4.12.0 (iOS 17.2; iPhone15,3)""},""client"":{""ip_address"":""255.73.35.136"",""country"":""US"",""device_type"":""mobile""},""context"":{""session_id"":""sess_850e780cded6574e12c13a30"",""tenant_id"":""tnt_630"",""region"":""us-east-1"",""feature_flags"":[""export_v3"",""beta_search"",""sso_scim""]},""metadata"":{""source"":""mobile"",""severity"":""WARN"",""retry_count"":0,""correlation_id"":""196d19ca-54e6-75f9-caca-20bb63776ce2""}}"
2025-11-03T11:04:23.139Z,user.logout,usr_80305,Operations,INFO,success,3215,"{""request_id"":""1b1c7d8b-3fda-eaf9-52f5-e2da472c2c98"",""trace_id"":""5b9f5f2dd1aba1b956efb7141742c5db"",""http"":{""method"":""PUT"",""path"":""/api/v2/users/me"",""status_code"":200,""latency_ms"":1803,""user_agent"":""Mozilla/5.0 (Macintosh; Intel Mac OS X 10_15_7) AppleWebKit/605.1.15 (KHTML, like Gecko) Version/17.2 Safari/605.1.15""},""client"":{""ip_address"":""58.23.205.18"",""country"":""IE"",""device_type"":""tablet""},""context"":{""session_id"":""sess_34c8a5033185901ea7a15a4a"",""tenant_id"":""tnt_877"",""region"":""us-west-2"",""feature_flags"":[""sso_scim"",""audit_v2"",""new_ui""]},""metadata"":{""source"":""api"",""severity"":""INFO"",""retry_count"":0,""correlation_id"":""179be2cb-1758-cde6-cb7e-1324644821c0""}}"
2025-11-03T11:17:46.939Z,permission.revoke,usr_71086,Operations,INFO,success,3345,"{""request_id"":""08382dcf-3b04-ec15-6b32-fa681d8dedab"",""trace_id"":""1e065c2cac08ec4db8bf769a67f50f22"",""http"":{""method"":""DELETE"",""path"":""/api/v2/users/me"",""status_code"":200,""latency_ms"":1479,""user_agent"":""PostmanRuntime/7.36.1""},""client"":{""ip_address"":""227.76.17.158"",""country"":""FR"",""device_type"":""tablet""},""context"":{""session_id"":""sess_979bc26e701a65995462fa41"",""tenant_id"":""tnt_130"",""region"":""eu-central-1"",""feature_flags"":[""new_ui"",""sso_scim""]},""metadata"":{""source"":""mobile"",""severity"":""INFO"",""retry_count"":0,""correlation_id"":""1fd112b1-65ff-145a-5e09-3f9bcb11a9a4""}}"
2025-11-03T11:28:19.269Z,document.create,usr_52413,Engineering,WARN,success,194,"{""request_id"":""d5c56d43-4ef7-94f5-1f63-3efa6bf41d9e"",""trace_id"":""4c154fc48a201c52dab687f79656d91f"",""http"":{""method"":""DELETE"",""path"":""/api/v2/workspaces"",""status_code"":200,""latency_ms"":592,""user_agent"":""PostmanRuntime/7.36.1""},""client"":{""ip_address"":""19.17.150.6"",""country"":""SG"",""device_type"":""tablet""},""context"":{""session_id"":""sess_dc4f6fcc49a7f7fbd4007233"",""tenant_id"":""tnt_343"",""region"":""us-west-2"",""feature_flags"":[""new_ui""]},""metadata"":{""source"":""cli"",""severity"":""WARN"",""retry_count"":0,""correlation_id"":""9eb5a7c3-90da-0f3c-9d36-992c6f565f8b""}}"
2025-11-03T11:35:54.885Z,api.request,usr_18079,Marketing,INFO,failure,807,"{""request_id"":""1b679193-c6be-d8ff-00eb-7c70e24cc664"",""trace_id"":""28a7d7eeddd3572699bf26e6b641b925"",""http"":{""method"":""PUT"",""path"":""/api/v2/users/me"",""status_code"":500,""latency_ms"":1707,""user_agent"":""Mozilla/5.0 (Windows NT 10.0; Win64; x64) AppleWebKit/537.36 (KHTML, like Gecko) Chrome/120.0.0.0 Safari/537.36""},""client"":{""ip_address"":""87.155.159.72"",""country"":""IE"",""device_type"":""desktop""},""context"":{""session_id"":""sess_1e38427c080795bfc36eaf00"",""tenant_id"":""tnt_957"",""region"":""ap-southeast-1"",""feature_flags"":[""beta_search""]},""metadata"":{""source"":""web"",""severity"":""INFO"",""retry_count"":3,""correlation_id"":""b502586d-a159-8f95-5f2c-3a6bf011027a""}}"
2025-11-03T11:49:18.909Z,auth.mfa_challenge,usr_32701,Engineering,INFO,pending,1848,"{""request_id"":""76582083-6da5-33d9-c424-2230e1b64ea9"",""trace_id"":""32766b041953ff3d9e2f4c1513745238"",""http"":{""method"":""DELETE"",""path"":""/api/v1/reports/generate"",""status_code"":403,""latency_ms"":1139,""user_agent"":""Mozilla/5.0 (Windows NT 10.0; Win64; x64) AppleWebKit/537.36 (KHTML, like Gecko) Chrome/120.0.0.0 Safari/537.36""},""client"":{""ip_address"":""121.27.36.121"",""country"":""FR"",""device_type"":""desktop""},""context"":{""session_id"":""sess_637bee0478e4fc94f4ba820f"",""tenant_id"":""tnt_690"",""region"":""ap-northeast-1"",""feature_flags"":[""sso_scim""]},""metadata"":{""source"":""web"",""severity"":""INFO"",""retry_count"":0,""correlation_id"":""e776796a-b05a-40aa-1153-ed63fcb33847""}}"
2025-11-03T12:01:06.658Z,user.password_reset,usr_34697,Marketing,INFO,pending,3319,"{""request_id"":""0afd5b62-bbda-bd78-6d29-e0a37d2e7dd3"",""trace_id"":""dd90020573fb90941aacd9eccd218328"",""http"":{""method"":""POST"",""path"":""/api/v2/documents"",""status_code"":401,""latency_ms"":549,""user_agent"":""Mozilla/5.0 (Windows NT 10.0; Win64; x64) AppleWebKit/537.36 (KHTML, like Gecko) Chrome/120.0.0.0 Safari/537.36""},""client"":{""ip_address"":""26.89.20.219"",""country"":""JP"",""device_type"":""tablet""},""context"":{""session_id"":""sess_47ddbaef4582c54fd6682697"",""tenant_id"":""tnt_764"",""region"":""eu-west-1"",""feature_flags"":[""new_ui""]},""metadata"":{""source"":""api"",""severity"":""INFO"",""retry_count"":0,""correlation_id"":""bfd798f6-5ae9-9d78-bc24-a14d71956eba""}}"
2025-11-03T12:03:51.979Z,permission.grant,usr_19812,Support,WARN,failure,2641,"{""request_id"":""1661c888-c984-d9ad-67ba-c30845b18495"",""trace_id"":""8dd1a4535dbf9e7d200d60804d7bd88e"",""http"":{""method"":""PUT"",""path"":""/api/v2/auth/token"",""status_code"":403,""latency_ms"":218,""user_agent"":""PostmanRuntime/7.36.1""},""client"":{""ip_address"":""2.24.221.215"",""country"":""IE"",""device_type"":""mobile""},""context"":{""session_id"":""sess_fed6467126438ee73400035e"",""tenant_id"":""tnt_827"",""region"":""us-west-2"",""feature_flags"":[""beta_search"",""export_v3"",""audit_v2""]},""metadata"":{""source"":""web"",""severity"":""WARN"",""retry_count"":2,""correlation_id"":""9737ada6-ebb0-2f32-eb30-b58d1613b667""}}"
2025-11-03T12:17:23.586Z,auth.mfa_challenge,usr_42943,Finance,INFO,success,3644,"{""request_id"":""0038fcff-d6b7-22ef-2a48-ebe4b395c41f"",""trace_id"":""cf76c510445309ad5811b46d623a589b"",""http"":{""method"":""PUT"",""path"":""/api/v2/auth/token"",""status_code"":200,""latency_ms"":2250,""user_agent"":""Mozilla/5.0 (X11; Linux x86_64) AppleWebKit/537.36 (KHTML, like Gecko) Chrome/119.0.0.0 Safari/537.36""},""client"":{""ip_address"":""230.98.164.132"",""country"":""GB"",""device_type"":""desktop""},""context"":{""session_id"":""sess_fac007d07cea84bccbf2c127"",""tenant_id"":""tnt_497"",""region"":""us-east-1"",""feature_flags"":[""ai_assist"",""sso_scim""]},""metadata"":{""source"":""cli"",""severity"":""INFO"",""retry_count"":0,""correlation_id"":""4a6dacbc-5d33-c386-6a9f-1e63e35aedba""}}"
2025-11-03T12:27:38.161Z,document.share,usr_37532,Operations,INFO,pending,1749,"{""request_id"":""f120dfb8-c3c2-d094-5e1d-3c049843e547"",""trace_id"":""fa411725e4988539dfc2e02ccaa60b29"",""http"":{""method"":""DELETE"",""path"":""/api/v2/webhooks"",""status_code"":401,""latency_ms"":671,""user_agent"":""AcmeCorpMobile/4.12.0 (iOS 17.2; iPhone15,3)""},""client"":{""ip_address"":""199.76.187.101"",""country"":""FR"",""device_type"":""tablet""},""context"":{""session_id"":""sess_e8c65a1fe8ffe95b191c251b"",""tenant_id"":""tnt_784"",""region"":""eu-west-1"",""feature_flags"":[""export_v3""]},""metadata"":{""source"":""mobile"",""severity"":""INFO"",""retry_count"":0,""correlation_id"":""698bb4d2-2f66-5c26-1655-99ae8f1c20ef""}}"
2025-11-03T12:33:53.449Z,permission.revoke,usr_64344,Operations,WARN,success,943,"{""request_id"":""0f7a1bef-ebeb-f2f6-a3c0-899f17ef2f48"",""trace_id"":""c166eda07edf9bdc9ea775b71965d7e2"",""http"":{""method"":""PATCH"",""path"":""/api/v2/search"",""status_code"":200,""latency_ms"":1974,""user_agent"":""PostmanRuntime/7.36.1""},""client"":{""ip_address"":""197.119.42.73"",""country"":""AU"",""device_type"":""server""},""context"":{""session_id"":""sess_20aada60475de7227526079f"",""tenant_id"":""tnt_479"",""region"":""us-west-2"",""feature_flags"":[""export_v3"",""sso_scim"",""audit_v2""]},""metadata"":{""source"":""mobile"",""severity"":""WARN"",""retry_count"":0,""correlation_id"":""56ed18fd-064b-f6ac-e97c-c215cb663bf9""}}"
2025-11-03T12:34:08.373Z,document.create,usr_47487,Finance,WARN,pending,290,"{""request_id"":""fb51afc2-6566-0acc-3552-1086a2f7dc34"",""trace_id"":""d228691488a9d2c611475a213c64cf94"",""http"":{""method"":""DELETE"",""path"":""/api/v2/audit-log"",""status_code"":503,""latency_ms"":960,""user_agent"":""Mozilla/5.0 (X11; Linux x86_64) AppleWebKit/537.36 (KHTML, like Gecko) Chrome/119.0.0.0 Safari/537.36""},""client"":{""ip_address"":""56.137.93.243"",""country"":""FR"",""device_type"":""server""},""context"":{""session_id"":""sess_011201015eddc9ab954929f2"",""tenant_id"":""tnt_507"",""region"":""ap-southeast-1"",""feature_flags"":[""export_v3""]},""metadata"":{""source"":""api"",""severity"":""WARN"",""retry_count"":0,""correlation_id"":""b79b56f8-d84a-a06d-452f-212945f97075""}}"
2025-11-03T12:48:47.306Z,document.share,usr_85483,Finance,INFO,success,833,"{""request_id"":""760ee9af-79e4-932b-6dfb-029d8425525a"",""trace_id"":""7d50f35498c638ef476ccf4144326285"",""http"":{""method"":""POST"",""path"":""/api/v1/reports/generate"",""status_code"":200,""latency_ms"":2286,""user_agent"":""AcmeCorpMobile/4.12.0 (iOS 17.2; iPhone15,3)""},""client"":{""ip_address"":""151.230.211.43"",""country"":""DE"",""device_type"":""desktop""},""context"":{""session_id"":""sess_e12c0f6ddc9ba6cd2ec63113"",""tenant_id"":""tnt_553"",""region"":""us-west-2"",""feature_flags"":[""beta_search"",""ai_assist"",""export_v3""]},""metadata"":{""source"":""web"",""severity"":""INFO"",""retry_count"":0,""correlation_id"":""b549828e-f873-591c-8357-2e3aae539a99""}}"
2025-11-03T12:49:01.555Z,document.share,usr_81855,Operations,WARN,success,1559,"{""request_id"":""61f6612c-7123-270c-fe3d-882904aebafd"",""trace_id"":""32e8a1cea90473958b4ceb26c9f026ad"",""http"":{""method"":""DELETE"",""path"":""/api/v2/webhooks"",""status_code"":200,""latency_ms"":1802,""user_agent"":""AcmeCorpMobile/4.12.0 (iOS 17.2; iPhone15,3)""},""client"":{""ip_address"":""64.197.226.64"",""country"":""US"",""device_type"":""mobile""},""context"":{""session_id"":""sess_8d09634fbd29305b0d174af2"",""tenant_id"":""tnt_698"",""region"":""us-east-1"",""feature_flags"":[""sso_scim""]},""metadata"":{""source"":""api"",""severity"":""WARN"",""retry_count"":0,""correlation_id"":""ab9e5c1f-9c4b-b5ed-e914-580a65e2b983""}}"
2025-11-03T13:00:59.609Z,api.request,usr_52425,Support,INFO,success,2270,"{""request_id"":""e83258a6-fa51-4c60-9e34-74ddcbefb0d9"",""trace_id"":""0db692b51ca09c8b575b2bc3c0dd1600"",""http"":{""method"":""POST"",""path"":""/api/v2/audit-log"",""status_code"":200,""latency_ms"":294,""user_agent"":""python-requests/2.31.0""},""client"":{""ip_address"":""169.127.91.143"",""country"":""AU"",""device_type"":""server""},""context"":{""session_id"":""sess_d587dff64f85445774106258"",""tenant_id"":""tnt_558"",""region"":""eu-west-1"",""feature_flags"":[""new_ui"",""ai_assist""]},""metadata"":{""source"":""mobile"",""severity"":""INFO"",""retry_count"":0,""correlation_id"":""ae3a3104-a2ed-b85e-e251-123c60c49f9d""}}"
2025-11-03T13:12:01.831Z,document.update,usr_20286,Engineering,INFO,failure,2754,"{""request_id"":""1a6b3b4e-41eb-68c1-736e-e4c9b62c67ee"",""trace_id"":""9096011c274cd7755045a3f58e8b105e"",""http"":{""method"":""PATCH"",""path"":""/api/v2/permissions"",""status_code"":404,""latency_ms"":505,""user_agent"":""AcmeCorpMobile/4.12.0 (iOS 17.2; iPhone15,3)""},""client"":{""ip_address"":""219.43.57.190"",""country"":""US"",""device_type"":""mobile""},""context"":{""session_id"":""sess_e3a4d389a400029ea6b2fb30"",""tenant_id"":""tnt_908"",""region"":""eu-central-1"",""feature_flags"":[""export_v3"",""audit_v2"",""new_ui""]},""metadata"":{""source"":""cli"",""severity"":""INFO"",""retry_count"":0,""correlation_id"":""c625da36-16d4-9cf0-8ab1-3496fa555312""}}"
2025-11-03T13:13:09.044Z,auth.mfa_challenge,usr_82737,HR,INFO,success,1862,"{""request_id"":""ec6171e7-348e-0e0e-3e7e-f4cdf4ea4773"",""trace_id"":""82e0defa2111a5c9e95f699ef01b7a27"",""http"":{""method"":""PUT"",""path"":""/api/v2/workspaces"",""status_code"":200,""latency_ms"":1621,""user_agent"":""Mozilla/5.0 (Macintosh; Intel Mac OS X 10_15_7) AppleWebKit/605.1.15 (KHTML, like Gecko) Version/17.2 Safari/605.1.15""},""client"":{""ip_address"":""191.103.104.17"",""country"":""DE"",""device_type"":""server""},""context"":{""session_id"":""sess_948176b646bd88b16b6b0386"",""tenant_id"":""tnt_411"",""region"":""us-east-1"",""feature_flags"":[""sso_scim"",""beta_search""]},""metadata"":{""source"":""cli"",""severity"":""INFO"",""retry_count"":0,""correlation_id"":""3be88cdf-e674-8af8-08c2-4fdcd85c6f66""}}"
2025-11-03T13:26:20.818Z,user.password_reset,usr_29672,Marketing,ERROR,success,1199,"{""request_id"":""3383fde0-a2a8-99a9-1098-78ca120bfeb5"",""trace_id"":""beb34cbd7ff3f85bc3456c7c39ed2470"",""http"":{""method"":""GET"",""path"":""/api/v2/workspaces"",""status_code"":200,""latency_ms"":1730,""user_agent"":""AcmeCorpMobile/4.12.0 (iOS 17.2; iPhone15,3)""},""client"":{""ip_address"":""54.29.55.147"",""country"":""AU"",""device_type"":""desktop""},""context"":{""session_id"":""sess_937425e999f130ada8d077b4"",""tenant_id"":""tnt_458"",""region"":""ap-northeast-1"",""feature_flags"":[""ai_assist"",""beta_search"",""new_ui""]},""metadata"":{""source"":""api"",""severity"":""ERROR"",""retry_count"":0,""correlation_id"":""32c334ad-446a-f044-99be-9e8487b34a04""}}"
2025-11-03T13:39:59.415Z,document.delete,usr_54453,Legal,INFO,success,4391,"{""request_id"":""fd34b27c-9158-303f-d5b0-c8a9e04934ed"",""trace_id"":""e0b86da3bc48bd3a304003248d2ef2da"",""http"":{""method"":""DELETE"",""path"":""/api/v2/workspaces"",""status_code"":200,""latency_ms"":1607,""user_agent"":""python-requests/2.31.0""},""client"":{""ip_address"":""144.52.105.139"",""country"":""SG"",""device_type"":""tablet""},""context"":{""session_id"":""sess_2e31fc348bea9bd6bc76f853"",""tenant_id"":""tnt_440"",""region"":""us-east-1"",""feature_flags"":[""ai_assist""]},""metadata"":{""source"":""web"",""severity"":""INFO"",""retry_count"":0,""correlation_id"":""8ec8d838-911e-256f-4489-ac9d598f35ed""}}"
2025-11-03T13:54:01.361Z,workflow.trigger,usr_19296,HR,WARN,success,4379,"{""request_id"":""11f96c40-7741-fc9d-84d8-f36cd649bc0e"",""trace_id"":""aee83680043375ca6e3b5ba5d3a17646"",""http"":{""method"":""PATCH"",""path"":""/api/v2/search"",""status_code"":200,""latency_ms"":1705,""user_agent"":""PostmanRuntime/7.36.1""},""client"":{""ip_address"":""98.222.108.170"",""country"":""DE"",""device_type"":""server""},""context"":{""session_id"":""sess_e0657e3eeacae97ece787f87"",""tenant_id"":""tnt_665"",""region"":""ap-northeast-1"",""feature_flags"":[""sso_scim"",""audit_v2""]},""metadata"":{""source"":""api"",""severity"":""WARN"",""retry_count"":0,""correlation_id"":""f7a91275-bb95-d9ce-28cc-19c3b4a98947""}}"
2025-11-03T14:07:43.660Z,document.update,usr_49855,HR,INFO,success,518,"{""request_id"":""b3a39cec-22e2-22ad-fe85-f219fb4cee97"",""trace_id"":""618f05b2dbf8693916692e7a3864bd57"",""http"":{""method"":""DELETE"",""path"":""/api/v2/search"",""status_code"":200,""latency_ms"":704,""user_agent"":""python-requests/2.31.0""},""client"":{""ip_address"":""236.139.171.70"",""country"":""JP"",""device_type"":""desktop""},""context"":{""session_id"":""sess_268104f4aaca7dd851320bac"",""tenant_id"":""tnt_158"",""region"":""ap-southeast-1"",""feature_flags"":[""ai_assist"",""beta_search"",""new_ui""]},""metadata"":{""source"":""web"",""severity"":""INFO"",""retry_count"":0,""correlation_id"":""ce6fdf23-8c82-742f-c2b6-64b22f8c906f""}}"
2025-11-03T14:16:11.710Z,user.logout,usr_90473,Sales,INFO,failure,3632,"{""request_id"":""c28a9eab-62e4-6a99-76c1-a69d5436bc54"",""trace_id"":""c830fb6036d59c80eb0a196c398ab4b4"",""http"":{""method"":""GET"",""path"":""/api/v1/reports/generate"",""status_code"":400,""latency_ms"":310,""user_agent"":""AcmeCorpMobile/4.12.0 (iOS 17.2; iPhone15,3)""},""client"":{""ip_address"":""11.207.60.55"",""country"":""AU"",""device_type"":""server""},""context"":{""session_id"":""sess_e1cbe9a9b1eafb3d8fcdd91c"",""tenant_id"":""tnt_923"",""region"":""us-west-2"",""feature_flags"":[""sso_scim""]},""metadata"":{""source"":""mobile"",""severity"":""INFO"",""retry_count"":3,""correlation_id"":""4de40bf4-cd2e-7f5f-81be-d6fa9caafc37""}}"
2025-11-03T14:30:02.491Z,api.request,usr_45513,Support,INFO,success,3390,"{""request_id"":""f9c357a1-0dd5-1802-b0de-99ffbb530724"",""trace_id"":""8bdbffa9dc1847041d41d17061c99b7e"",""http"":{""method"":""POST"",""path"":""/api/v2/auth/token"",""status_code"":200,""latency_ms"":166,""user_agent"":""Mozilla/5.0 (Macintosh; Intel Mac OS X 10_15_7) AppleWebKit/605.1.15 (KHTML, like Gecko) Version/17.2 Safari/605.1.15""},""client"":{""ip_address"":""238.232.91.100"",""country"":""SG"",""device_type"":""mobile""},""context"":{""session_id"":""sess_805204ebb2ed887f413ff1c7"",""tenant_id"":""tnt_977"",""region"":""ap-northeast-1"",""feature_flags"":[""sso_scim"",""beta_search"",""ai_assist""]},""metadata"":{""source"":""cli"",""severity"":""INFO"",""retry_count"":0,""correlation_id"":""2a711471-ea7b-b9b7-69d8-91ca70e531ca""}}"
2025-11-03T14:41:32.970Z,document.update,usr_86501,Engineering,INFO,success,3741,"{""request_id"":""f58ac64b-3720-c4b5-bd65-8b55fc0e41d9"",""trace_id"":""0145272bc5589d9385c08cc6f3cdf2de"",""http"":{""method"":""POST"",""path"":""/api/v2/search"",""status_code"":200,""latency_ms"":1672,""user_agent"":""PostmanRuntime/7.36.1""},""client"":{""ip_address"":""39.104.11.76"",""country"":""CA"",""device_type"":""mobile""},""context"":{""session_id"":""sess_9578a30ca147449883e3f219"",""tenant_id"":""tnt_480"",""region"":""ap-southeast-1"",""feature_flags"":[""new_ui"",""beta_search""]},""metadata"":{""source"":""mobile"",""severity"":""INFO"",""retry_count"":0,""correlation_id"":""38ff3ffe-f1db-4e82-5f0b-45e58f3da69e""}}"
2025-11-03T14:49:26.893Z,document.delete,usr_76507,Operations,INFO,timeout,2436,"{""request_id"":""e84d9bed-3a61-85c4-b012-0ac8c6094b56"",""trace_id"":""e7565a35538c08783f77ece0394c6ca7"",""http"":{""method"":""PUT"",""path"":""/api/v2/search"",""status_code"":500,""latency_ms"":51852,""user_agent"":""AcmeCorpMobile/4.12.0 (iOS 17.2; iPhone15,3)""},""client"":{""ip_address"":""235.139.212.45"",""country"":""AU"",""device_type"":""server""},""context"":{""session_id"":""sess_e0f639b33981aae239d37f91"",""tenant_id"":""tnt_129"",""region"":""ap-southeast-1"",""feature_flags"":[""audit_v2""]},""metadata"":{""source"":""cli"",""severity"":""INFO"",""retry_count"":0,""correlation_id"":""c59729d5-a2fb-e48e-5fb2-575b33c0fdf4""}}"
2025-11-03T14:54:54.711Z,auth.mfa_challenge,usr_57516,Sales,WARN,success,4392,"{""request_id"":""e35974fd-0e10-d78c-dea9-535e84f3ad1e"",""trace_id"":""e13e0ec7dca97b0dbb9d2bc3add00f5a"",""http"":{""method"":""POST"",""path"":""/api/v2/permissions"",""status_code"":200,""latency_ms"":64,""user_agent"":""Mozilla/5.0 (Windows NT 10.0; Win64; x64) AppleWebKit/537.36 (KHTML, like Gecko) Chrome/120.0.0.0 Safari/537.36""},""client"":{""ip_address"":""38.142.178.91"",""country"":""DE"",""device_type"":""mobile""},""context"":{""session_id"":""sess_cda003fad095f8df567017d4"",""tenant_id"":""tnt_226"",""region"":""ap-northeast-1"",""feature_flags"":[""new_ui"",""export_v3""]},""metadata"":{""source"":""api"",""severity"":""WARN"",""retry_count"":0,""correlation_id"":""953bc49d-6383-8173-70c9-5fa9d68cde66""}}"
2025-11-03T15:05:03.206Z,user.logout,usr_18481,Operations,WARN,pending,1645,"{""request_id"":""d1792265-9692-e8dd-2991-eadbc9af64e3"",""trace_id"":""dc98039924ab7d684688bbf3f97e369d"",""http"":{""method"":""POST"",""path"":""/api/v2/permissions"",""status_code"":500,""latency_ms"":1667,""user_agent"":""python-requests/2.31.0""},""client"":{""ip_address"":""173.251.240.122"",""country"":""AU"",""device_type"":""mobile""},""context"":{""session_id"":""sess_b6296534babe55a46d75575b"",""tenant_id"":""tnt_777"",""region"":""us-west-2"",""feature_flags"":[""beta_search""]},""metadata"":{""source"":""api"",""severity"":""WARN"",""retry_count"":0,""correlation_id"":""3cc3d4fa-4b87-72a9-a466-4d9d0494f357""}}"
2025-11-03T15:13:36.949Z,auth.mfa_challenge,usr_38059,HR,WARN,failure,2187,"{""request_id"":""1cd42c97-05c3-3740-7628-faf90827b058"",""trace_id"":""e1e3774c0723f2161de0a138977b0f2e"",""http"":{""method"":""PUT"",""path"":""/api/v2/documents"",""status_code"":500,""latency_ms"":1658,""user_agent"":""Mozilla/5.0 (Windows NT 10.0; Win64; x64) AppleWebKit/537.36 (KHTML, like Gecko) Chrome/120.0.0.0 Safari/537.36""},""client"":{""ip_address"":""67.142.90.165"",""country"":""US"",""device_type"":""server""},""context"":{""session_id"":""sess_abc43c75c6e1dd29c1d44617"",""tenant_id"":""tnt_323"",""region"":""ap-southeast-1"",""feature_flags"":[""new_ui""]},""metadata"":{""source"":""api"",""severity"":""WARN"",""retry_count"":1,""correlation_id"":""2872b95d-4791-2e59-53ab-b12635d186a6""}}"
2025-11-03T15:18:02.324Z,document.update,usr_48983,Finance,INFO,failure,1327,"{""request_id"":""b2c99747-df2c-5748-abf8-ea6034cdf1e7"",""trace_id"":""489e2f430c75f661aa1c802fb672ec5f"",""http"":{""method"":""PUT"",""path"":""/api/v2/search"",""status_code"":503,""latency_ms"":1676,""user_agent"":""python-requests/2.31.0""},""client"":{""ip_address"":""31.7.222.198"",""country"":""IE"",""device_type"":""server""},""context"":{""session_id"":""sess_d1002396e700307f7ea32181"",""tenant_id"":""tnt_478"",""region"":""us-west-2"",""feature_flags"":[""ai_assist"",""sso_scim"",""new_ui""]},""metadata"":{""source"":""web"",""severity"":""INFO"",""retry_count"":3,""correlation_id"":""e460672c-dbb4-195b-a263-65ebf2f948ec""}}"
2025-11-03T15:30:14.700Z,permission.grant,usr_15788,Marketing,INFO,success,4104,"{""request_id"":""32247f49-e8b0-eb1f-b92f-87d9b85989de"",""trace_id"":""d5c03ff20af7c19d4a3d65d4eac8982a"",""http"":{""method"":""PUT"",""path"":""/api/v1/reports/generate"",""status_code"":200,""latency_ms"":1773,""user_agent"":""Mozilla/5.0 (X11; Linux x86_64) AppleWebKit/537.36 (KHTML, like Gecko) Chrome/119.0.0.0 Safari/537.36""},""client"":{""ip_address"":""249.22.231.84"",""country"":""DE"",""device_type"":""mobile""},""context"":{""session_id"":""sess_b34bc6c62f16ca0f663ed397"",""tenant_id"":""tnt_853"",""region"":""eu-west-1"",""feature_flags"":[""ai_assist"",""export_v3""]},""metadata"":{""source"":""api"",""severity"":""INFO"",""retry_count"":0,""correlation_id"":""5d509869-27c7-5f77-cb48-1e9c387c93ee""}}"
2025-11-03T15:35:26.160Z,document.create,usr_82219,Sales,INFO,success,384,"{""request_id"":""77d8252c-ad8f-f6bc-7348-824f0fc2d7aa"",""trace_id"":""6daf98693563ceea0da0a09e170c38e9"",""http"":{""method"":""GET"",""path"":""/api/v2/audit-log"",""status_code"":200,""latency_ms"":2103,""user_agent"":""PostmanRuntime/7.36.1""},""client"":{""ip_address"":""6.59.85.232"",""country"":""DE"",""device_type"":""server""},""context"":{""session_id"":""sess_99a81036b4ad7793b96991ba"",""tenant_id"":""tnt_532"",""region"":""us-east-1"",""feature_flags"":[""audit_v2"",""export_v3"",""new_ui""]},""metadata"":{""source"":""mobile"",""severity"":""INFO"",""retry_count"":0,""correlation_id"":""79d9587a-f309-5811-48e3-6759f03c9ef0""}}"
2025-11-03T15:45:51.347Z,api.request,usr_49800,Finance,INFO,success,1730,"{""request_id"":""525ffbc4-7d1d-1924-5b2e-db88dddbdfd0"",""trace_id"":""5f389de54ed087a1943fc25751e71e77"",""http"":{""method"":""GET"",""path"":""/api/v2/audit-log"",""status_code"":200,""latency_ms"":86,""user_agent"":""PostmanRuntime/7.36.1""},""client"":{""ip_address"":""230.234.185.242"",""country"":""US"",""device_type"":""server""},""context"":{""session_id"":""sess_eacc446f7b6beb376345a2e6"",""tenant_id"":""tnt_556"",""region"":""eu-central-1"",""feature_flags"":[""beta_search"",""export_v3"",""sso_scim""]},""metadata"":{""source"":""mobile"",""severity"":""INFO"",""retry_count"":0,""correlation_id"":""603cb46e-30c3-4faa-2137-db525dbd83a8""}}"
2025-11-03T15:49:57.101Z,workflow.trigger,usr_97231,Finance,DEBUG,success,2884,"{""request_id"":""e61d4058-de77-ccb7-e908-c566297897fe"",""trace_id"":""e98ed089bf5d7dd53bed535339aee7b3"",""http"":{""method"":""PUT"",""path"":""/api/v1/reports/generate"",""status_code"":200,""latency_ms"":2358,""user_agent"":""Mozilla/5.0 (X11; Linux x86_64) AppleWebKit/537.36 (KHTML, like Gecko) Chrome/119.0.0.0 Safari/537.36""},""client"":{""ip_address"":""56.93.250.1"",""country"":""GB"",""device_type"":""tablet""},""context"":{""session_id"":""sess_cb7938469ee888e4c76164b8"",""tenant_id"":""tnt_853"",""region"":""ap-northeast-1"",""feature_flags"":[""ai_assist"",""new_ui""]},""metadata"":{""source"":""api"",""severity"":""DEBUG"",""retry_count"":0,""correlation_id"":""a3dc0b09-adfa-2018-c46b-9a47f7a462cd""}}"
2025-11-03T15:59:16.890Z,user.password_reset,usr_30214,HR,INFO,success,3351,"{""request_id"":""fab36d4e-7426-db01-196d-2b487c9a71a2"",""trace_id"":""d1e378c0e5f178ba83fab9226503bfc3"",""http"":{""method"":""GET"",""path"":""/api/v2/workspaces"",""status_code"":200,""latency_ms"":1344,""user_agent"":""Mozilla/5.0 (Windows NT 10.0; Win64; x64) AppleWebKit/537.36 (KHTML, like Gecko) Chrome/120.0.0.0 Safari/537.36""},""client"":{""ip_address"":""102.62.71.186"",""country"":""AU"",""device_type"":""tablet""},""context"":{""session_id"":""sess_7044282144084aea9aaf796c"",""tenant_id"":""tnt_906"",""region"":""us-east-1"",""feature_flags"":[""ai_assist"",""new_ui"",""export_v3""]},""metadata"":{""source"":""cli"",""severity"":""INFO"",""retry_count"":0,""correlation_id"":""d5656fad-8508-a1a2-50c3-1195b290a06d""}}"
2025-11-03T16:04:05.999Z,permission.revoke,usr_96486,Marketing,INFO,success,550,"{""request_id"":""2120a28a-7b47-72d8-95b1-b2784a604ca1"",""trace_id"":""7c10f43cda97a421d914b41c8d8dcbb6"",""http"":{""method"":""GET"",""path"":""/api/v2/workspaces"",""status_code"":200,""latency_ms"":533,""user_agent"":""Mozilla/5.0 (X11; Linux x86_64) AppleWebKit/537.36 (KHTML, like Gecko) Chrome/119.0.0.0 Safari/537.36""},""client"":{""ip_address"":""228.33.65.16"",""country"":""IE"",""device_type"":""desktop""},""context"":{""session_id"":""sess_37cdbb366d71a8687d4a840d"",""tenant_id"":""tnt_205"",""region"":""us-west-2"",""feature_flags"":[""export_v3""]},""metadata"":{""source"":""web"",""severity"":""INFO"",""retry_count"":0,""correlation_id"":""0e25798f-1ebb-e375-3ee9-3435aeb1b750""}}"
2025-11-03T16:07:35.823Z,auth.mfa_challenge,usr_34819,Support,ERROR,failure,3843,"{""request_id"":""374fd8b9-1a11-8019-4606-fa5ac5ade380"",""trace_id"":""5ba003f12f41f0af2dae6d4038155f7c"",""http"":{""method"":""DELETE"",""path"":""/api/v2/permissions"",""status_code"":500,""latency_ms"":1386,""user_agent"":""Mozilla/5.0 (Windows NT 10.0; Win64; x64) AppleWebKit/537.36 (KHTML, like Gecko) Chrome/120.0.0.0 Safari/537.36""},""client"":{""ip_address"":""37.66.97.50"",""country"":""AU"",""device_type"":""server""},""context"":{""session_id"":""sess_5471b03e41b2e90c9cf6598f"",""tenant_id"":""tnt_429"",""region"":""eu-west-1"",""feature_flags"":[""audit_v2"",""export_v3"",""sso_scim""]},""metadata"":{""source"":""cli"",""severity"":""ERROR"",""retry_count"":3,""correlation_id"":""26b01081-6037-6f52-cec3-851b84788775""}}"
2025-11-03T16:16:09.589Z,document.delete,usr_40643,HR,INFO,success,636,"{""request_id"":""c21ddc5b-0404-2320-e2a3-3566a9e61109"",""trace_id"":""1884c4077088a5ee3a954177634abee4"",""http"":{""method"":""GET"",""path"":""/api/v2/permissions"",""status_code"":200,""latency_ms"":1218,""user_agent"":""python-requests/2.31.0""},""client"":{""ip_address"":""162.200.195.53"",""country"":""CA"",""device_type"":""desktop""},""context"":{""session_id"":""sess_609d483cfdfb9af0c63013c8"",""tenant_id"":""tnt_158"",""region"":""eu-central-1"",""feature_flags"":[""export_v3"",""new_ui""]},""metadata"":{""source"":""api"",""severity"":""INFO"",""retry_count"":0,""correlation_id"":""476fde79-c60e-0379-f308-20ae8c614988""}}"
2025-11-03T16:16:54.729Z,workflow.trigger,usr_55453,HR,INFO,success,3218,"{""request_id"":""f786fd6b-1f23-c097-d5cd-478f20b8ac86"",""trace_id"":""4606ba2de4898cc18e92ffadf3d6fca2"",""http"":{""method"":""PATCH"",""path"":""/api/v2/workspaces"",""status_code"":200,""latency_ms"":1032,""user_agent"":""Mozilla/5.0 (Macintosh; Intel Mac OS X 10_15_7) AppleWebKit/605.1.15 (KHTML, like Gecko) Version/17.2 Safari/605.1.15""},""client"":{""ip_address"":""113.183.91.56"",""country"":""US"",""device_type"":""mobile""},""context"":{""session_id"":""sess_8bd638bab601510ca7aa40c1"",""tenant_id"":""tnt_198"",""region"":""eu-central-1"",""feature_flags"":[""beta_search"",""ai_assist"",""new_ui""]},""metadata"":{""source"":""cli"",""severity"":""INFO"",""retry_count"":0,""correlation_id"":""d440067d-10d5-4fa6-4a60-81c25bc0739d""}}"
2025-11-03T16:26:08.650Z,permission.revoke,usr_52513,Legal,INFO,pending,1103,"{""request_id"":""9c4a861a-1ad3-171c-be59-30e60b184e24"",""trace_id"":""b73a14410b1164f8ac9c0be0ecf01c78"",""http"":{""method"":""POST"",""path"":""/api/v2/permissions"",""status_code"":503,""latency_ms"":1314,""user_agent"":""Mozilla/5.0 (X11; Linux x86_64) AppleWebKit/537.36 (KHTML, like Gecko) Chrome/119.0.0.0 Safari/537.36""},""client"":{""ip_address"":""43.101.125.109"",""country"":""DE"",""device_type"":""mobile""},""context"":{""session_id"":""sess_338029c566f9877e9a67c3ef"",""tenant_id"":""tnt_363"",""region"":""ap-southeast-1"",""feature_flags"":[""sso_scim"",""audit_v2""]},""metadata"":{""source"":""cli"",""severity"":""INFO"",""retry_count"":0,""correlation_id"":""369c4e90-e0aa-5967-6569-3c7bd6f07259""}}"
2025-11-03T16:37:58.890Z,document.delete,usr_42347,Finance,INFO,success,3928,"{""request_id"":""e28e21fa-dc66-c07f-7236-37cd5e2063af"",""trace_id"":""9adc7737ff5fe09fd80f0bf0278dfc3c"",""http"":{""method"":""PUT"",""path"":""/api/v2/documents"",""status_code"":200,""latency_ms"":127,""user_agent"":""PostmanRuntime/7.36.1""},""client"":{""ip_address"":""32.141.32.88"",""country"":""US"",""device_type"":""mobile""},""context"":{""session_id"":""sess_99dab2abd0a6299474544156"",""tenant_id"":""tnt_487"",""region"":""eu-central-1"",""feature_flags"":[""new_ui"",""audit_v2"",""export_v3""]},""metadata"":{""source"":""web"",""severity"":""INFO"",""retry_count"":0,""correlation_id"":""a86ead21-5897-0a4a-5b48-196c579d630e""}}"
2025-11-03T16:46:55.527Z,permission.revoke,usr_26759,Support,WARN,success,728,"{""request_id"":""f8d9110f-cd7a-f462-129d-e9c41c466711"",""trace_id"":""2d3cdc40d5e46a3b06745e1d6a84e319"",""http"":{""method"":""DELETE"",""path"":""/api/v1/reports/generate"",""status_code"":200,""latency_ms"":1924,""user_agent"":""AcmeCorpMobile/4.12.0 (iOS 17.2; iPhone15,3)""},""client"":{""ip_address"":""117.75.145.38"",""country"":""US"",""device_type"":""tablet""},""context"":{""session_id"":""sess_3d290936b4e01bf963fa6479"",""tenant_id"":""tnt_456"",""region"":""us-east-1"",""feature_flags"":[""sso_scim"",""new_ui""]},""metadata"":{""source"":""mobile"",""severity"":""WARN"",""retry_count"":0,""correlation_id"":""306de4b3-8fe8-93e0-00a5-de67fbd59fbd""}}"
2025-11-03T16:58:05.801Z,document.delete,usr_62952,Finance,INFO,pending,293,"{""request_id"":""3f6c8628-5add-cd91-a92d-f6973ed4cf6a"",""trace_id"":""69cd0dffa84dbe0fc2bcd35f7a13b38e"",""http"":{""method"":""POST"",""path"":""/api/v2/users/me"",""status_code"":404,""latency_ms"":2013,""user_agent"":""python-requests/2.31.0""},""client"":{""ip_address"":""126.160.180.156"",""country"":""AU"",""device_type"":""mobile""},""context"":{""session_id"":""sess_db1b0e30e052e7c226f68c27"",""tenant_id"":""tnt_811"",""region"":""ap-northeast-1"",""feature_flags"":[""export_v3""]},""metadata"":{""source"":""api"",""severity"":""INFO"",""retry_count"":0,""correlation_id"":""c205f7e4-76a1-c2dd-7c4c-542e12ad616d""}}"
2025-11-03T17:00:16.143Z,user.password_reset,usr_74175,Sales,INFO,pending,4348,"{""request_id"":""2dbf46f5-69e2-aeee-62b5-178f85832713"",""trace_id"":""c374ccc1cfbc39a7e99d6a0a751b8f1f"",""http"":{""method"":""DELETE"",""path"":""/api/v2/permissions"",""status_code"":403,""latency_ms"":2271,""user_agent"":""Mozilla/5.0 (Windows NT 10.0; Win64; x64) AppleWebKit/537.36 (KHTML, like Gecko) Chrome/120.0.0.0 Safari/537.36""},""client"":{""ip_address"":""94.68.180.244"",""country"":""US"",""device_type"":""server""},""context"":{""session_id"":""sess_96f5d41d339320a603b89b5a"",""tenant_id"":""tnt_730"",""region"":""ap-southeast-1"",""feature_flags"":[""audit_v2"",""ai_assist""]},""metadata"":{""source"":""mobile"",""severity"":""INFO"",""retry_count"":0,""correlation_id"":""da5f65ad-790c-e7d9-ae21-965357f2d88f""}}"
2025-11-03T17:06:23.196Z,workflow.trigger,usr_36013,Sales,INFO,success,1567,"{""request_id"":""674bf092-d799-e466-edda-ee5a1b47a793"",""trace_id"":""39c71ef12d21709df0e1de6b20e7a0cb"",""http"":{""method"":""GET"",""path"":""/api/v1/reports/generate"",""status_code"":200,""latency_ms"":559,""user_agent"":""PostmanRuntime/7.36.1""},""client"":{""ip_address"":""105.156.118.57"",""country"":""SG"",""device_type"":""server""},""context"":{""session_id"":""sess_9b7b3d2525714bfbab40392d"",""tenant_id"":""tnt_541"",""region"":""ap-northeast-1"",""feature_flags"":[""audit_v2""]},""metadata"":{""source"":""cli"",""severity"":""INFO"",""retry_count"":0,""correlation_id"":""543ddae4-5551-206c-dedb-008dc4390ebe""}}"
2025-11-03T17:13:36.835Z,permission.grant,usr_55526,Operations,WARN,pending,3688,"{""request_id"":""7af2e3bb-069c-f866-620f-af0a823132df"",""trace_id"":""1b13be2e2b10da554c2e734ba512f2ad"",""http"":{""method"":""PATCH"",""path"":""/api/v2/users/me"",""status_code"":400,""latency_ms"":1989,""user_agent"":""AcmeCorpMobile/4.12.0 (iOS 17.2; iPhone15,3)""},""client"":{""ip_address"":""191.195.131.223"",""country"":""AU"",""device_type"":""mobile""},""context"":{""session_id"":""sess_814206e8175e9c9f8ff09f3a"",""tenant_id"":""tnt_417"",""region"":""ap-southeast-1"",""feature_flags"":[""beta_search""]},""metadata"":{""source"":""cli"",""severity"":""WARN"",""retry_count"":0,""correlation_id"":""0cec7186-dead-66ad-abe1-c2eaad4c0e98""}}"
2025-11-03T17:16:28.481Z,document.update,usr_81241,HR,INFO,success,4468,"{""request_id"":""d3d7ea1a-176e-5316-d9fd-1d35c4d5cbef"",""trace_id"":""74f7e335d2952caee4e689cd72ec4ef6"",""http"":{""method"":""GET"",""path"":""/api/v2/users/me"",""status_code"":200,""latency_ms"":194,""user_agent"":""Mozilla/5.0 (X11; Linux x86_64) AppleWebKit/537.36 (KHTML, like Gecko) Chrome/119.0.0.0 Safari/537.36""},""client"":{""ip_address"":""82.253.217.124"",""country"":""CA"",""device_type"":""tablet""},""context"":{""session_id"":""sess_e1679916c71c15a0a59edb55"",""tenant_id"":""tnt_969"",""region"":""us-east-1"",""feature_flags"":[""audit_v2""]},""metadata"":{""source"":""cli"",""severity"":""INFO"",""retry_count"":0,""correlation_id"":""e7101bed-e6a7-5bdc-9fae-5ec1ca7ef9e3""}}"
2025-11-03T17:23:34.879Z,workflow.trigger,usr_11731,HR,INFO,failure,926,"{""request_id"":""ffa67823-17f2-c6e0-6b16-fc89466fb570"",""trace_id"":""2ddc54a13fdc0a300b12cb9bb4c3a536"",""http"":{""method"":""GET"",""path"":""/api/v2/workspaces"",""status_code"":503,""latency_ms"":143,""user_agent"":""python-requests/2.31.0""},""client"":{""ip_address"":""50.161.200.186"",""country"":""SG"",""device_type"":""mobile""},""context"":{""session_id"":""sess_d47dea69b3fe8cc10ef48e43"",""tenant_id"":""tnt_468"",""region"":""ap-northeast-1"",""feature_flags"":[""sso_scim"",""new_ui"",""ai_assist""]},""metadata"":{""source"":""api"",""severity"":""INFO"",""retry_count"":1,""correlation_id"":""ce9dae3c-9d84-f3fc-255c-cf82928ed9b5""}}"
2025-11-03T17:28:32.360Z,document.share,usr_26906,Support,INFO,success,3019,"{""request_id"":""5c782bb1-aed3-6f6c-168c-5888dcfd6706"",""trace_id"":""4c44909d28be9e04b6b5790b0a722fce"",""http"":{""method"":""DELETE"",""path"":""/api/v2/audit-log"",""status_code"":200,""latency_ms"":1296,""user_agent"":""Mozilla/5.0 (Windows NT 10.0; Win64; x64) AppleWebKit/537.36 (KHTML, like Gecko) Chrome/120.0.0.0 Safari/537.36""},""client"":{""ip_address"":""71.207.41.77"",""country"":""IE"",""device_type"":""server""},""context"":{""session_id"":""sess_02fbc743f05799f756a0ce44"",""tenant_id"":""tnt_114"",""region"":""ap-northeast-1"",""feature_flags"":[""sso_scim""]},""metadata"":{""source"":""api"",""severity"":""INFO"",""retry_count"":0,""correlation_id"":""94d72a8e-8db0-07f6-0500-a55a33d98775""}}"
2025-11-03T17:42:45.010Z,permission.grant,usr_24860,Marketing,INFO,timeout,3773,"{""request_id"":""f76373dc-dca7-d9d8-b370-186d09d5876a"",""trace_id"":""51322371a7baae544f71606b7e6f64f7"",""http"":{""method"":""PUT"",""path"":""/api/v2/webhooks"",""status_code"":401,""latency_ms"":48112,""user_agent"":""Mozilla/5.0 (Macintosh; Intel Mac OS X 10_15_7) AppleWebKit/605.1.15 (KHTML, like Gecko) Version/17.2 Safari/605.1.15""},""client"":{""ip_address"":""26.64.60.162"",""country"":""CA"",""device_type"":""tablet""},""context"":{""session_id"":""sess_f40cca7aeac6ae85f1130162"",""tenant_id"":""tnt_775"",""region"":""eu-west-1"",""feature_flags"":[""audit_v2""]},""metadata"":{""source"":""web"",""severity"":""INFO"",""retry_count"":0,""correlation_id"":""eadd8dde-32fc-c950-6d9a-7c9c07648ff3""}}"
2025-11-03T17:45:52.409Z,auth.mfa_challenge,usr_25362,Operations,INFO,success,2855,"{""request_id"":""af2d0aae-05d0-a4e1-ce22-90c53897602f"",""trace_id"":""026d3f0978724d67055c8fb27356adf4"",""http"":{""method"":""DELETE"",""path"":""/api/v2/search"",""status_code"":200,""latency_ms"":2250,""user_agent"":""PostmanRuntime/7.36.1""},""client"":{""ip_address"":""203.95.183.63"",""country"":""GB"",""device_type"":""mobile""},""context"":{""session_id"":""sess_55e4da4a40841c6300d2c774"",""tenant_id"":""tnt_932"",""region"":""us-east-1"",""feature_flags"":[""beta_search"",""ai_assist""]},""metadata"":{""source"":""web"",""severity"":""INFO"",""retry_count"":0,""correlation_id"":""99b27dd8-f461-a3aa-83e6-bb4ac9d73245""}}"
2025-11-03T17:47:18.117Z,permission.grant,usr_61554,HR,WARN,success,3738,"{""request_id"":""da1baed4-71fc-05ab-2bdb-3c2462fe8de4"",""trace_id"":""e78d1992491c23c510cc9b0a08609d40"",""http"":{""method"":""GET"",""path"":""/api/v2/search"",""status_code"":200,""latency_ms"":1543,""user_agent"":""python-requests/2.31.0""},""client"":{""ip_address"":""195.160.159.182"",""country"":""IE"",""device_type"":""mobile""},""context"":{""session_id"":""sess_de1568060c27f3de8dd1a8f2"",""tenant_id"":""tnt_129"",""region"":""us-east-1"",""feature_flags"":[""ai_assist"",""export_v3""]},""metadata"":{""source"":""cli"",""severity"":""WARN"",""retry_count"":0,""correlation_id"":""52dc570e-674b-825d-b670-306f297db1d1""}}"
2025-11-03T17:48:17.358Z,user.login,usr_23242,HR,INFO,success,1870,"{""request_id"":""d1290f05-33ad-f931-f4cf-f48ea974af2c"",""trace_id"":""fa59a919dba31fedd3489529258a5349"",""http"":{""method"":""PATCH"",""path"":""/api/v2/webhooks"",""status_code"":200,""latency_ms"":1621,""user_agent"":""Mozilla/5.0 (Windows NT 10.0; Win64; x64) AppleWebKit/537.36 (KHTML, like Gecko) Chrome/120.0.0.0 Safari/537.36""},""client"":{""ip_address"":""70.10.75.251"",""country"":""CA"",""device_type"":""mobile""},""context"":{""session_id"":""sess_e59a1750c06d28f25467230b"",""tenant_id"":""tnt_693"",""region"":""ap-southeast-1"",""feature_flags"":[""ai_assist"",""audit_v2"",""new_ui""]},""metadata"":{""source"":""cli"",""severity"":""INFO"",""retry_count"":0,""correlation_id"":""853da9e8-e3f3-93c3-a8b0-3db93a75ab2e""}}"
2025-11-03T17:53:12.468Z,permission.grant,usr_21272,HR,INFO,failure,1183,"{""request_id"":""31b95167-6d23-3f74-e02e-7033c38f67de"",""trace_id"":""8458578778aa7ce315e3b6e6a88bcb2d"",""http"":{""method"":""PATCH"",""path"":""/api/v2/auth/token"",""status_code"":500,""latency_ms"":342,""user_agent"":""Mozilla/5.0 (X11; Linux x86_64) AppleWebKit/537.36 (KHTML, like Gecko) Chrome/119.0.0.0 Safari/537.36""},""client"":{""ip_address"":""153.49.148.145"",""country"":""IE"",""device_type"":""tablet""},""context"":{""session_id"":""sess_bdb0e9e1e33a90dcaedd10d9"",""tenant_id"":""tnt_125"",""region"":""us-west-2"",""feature_flags"":[""sso_scim"",""ai_assist"",""new_ui""]},""metadata"":{""source"":""web"",""severity"":""INFO"",""retry_count"":2,""correlation_id"":""69f128d7-eafe-1f09-933d-95266d877ea3""}}"
2025-11-03T17:55:20.909Z,permission.revoke,usr_94555,Support,INFO,success,364,"{""request_id"":""82af5056-cfe5-48e2-36c9-69f2e456cbaf"",""trace_id"":""1dd99411df67cb2dbc85af4d86e00298"",""http"":{""method"":""POST"",""path"":""/api/v2/permissions"",""status_code"":200,""latency_ms"":1928,""user_agent"":""AcmeCorpMobile/4.12.0 (iOS 17.2; iPhone15,3)""},""client"":{""ip_address"":""74.115.103.190"",""country"":""DE"",""device_type"":""server""},""context"":{""session_id"":""sess_0cad0bea57c4f900955ec876"",""tenant_id"":""tnt_994"",""region"":""us-east-1"",""feature_flags"":[""export_v3""]},""metadata"":{""source"":""web"",""severity"":""INFO"",""retry_count"":0,""correlation_id"":""e3dd91b4-a132-65cf-3c13-6bd92ab47204""}}"
2025-11-03T18:08:28.829Z,user.login,usr_53202,Engineering,INFO,success,1945,"{""request_id"":""b5c7c9e2-bdb9-1579-31ab-a06a9b66e77e"",""trace_id"":""d8d55047b11ca17ba1bcbe8f3b4513e6"",""http"":{""method"":""GET"",""path"":""/api/v2/search"",""status_code"":200,""latency_ms"":2321,""user_agent"":""PostmanRuntime/7.36.1""},""client"":{""ip_address"":""169.62.39.20"",""country"":""JP"",""device_type"":""mobile""},""context"":{""session_id"":""sess_9518353124db5792c0e130d5"",""tenant_id"":""tnt_842"",""region"":""ap-northeast-1"",""feature_flags"":[""new_ui""]},""metadata"":{""source"":""api"",""severity"":""INFO"",""retry_count"":0,""correlation_id"":""88da9b22-63cb-269a-668b-106f7b3b5a42""}}"
2025-11-03T18:21:24.766Z,permission.revoke,usr_91465,Legal,INFO,success,3517,"{""request_id"":""63872f68-1ea2-2c13-46b2-522ad342f88a"",""trace_id"":""8a8b5907bc24c8f2229e1feb1dbf84b1"",""http"":{""method"":""GET"",""path"":""/api/v2/documents"",""status_code"":200,""latency_ms"":2278,""user_agent"":""Mozilla/5.0 (Windows NT 10.0; Win64; x64) AppleWebKit/537.36 (KHTML, like Gecko) Chrome/120.0.0.0 Safari/537.36""},""client"":{""ip_address"":""244.132.131.5"",""country"":""SG"",""device_type"":""desktop""},""context"":{""session_id"":""sess_15dc8dc10457c73ea4547593"",""tenant_id"":""tnt_736"",""region"":""ap-northeast-1"",""feature_flags"":[""beta_search""]},""metadata"":{""source"":""mobile"",""severity"":""INFO"",""retry_count"":0,""correlation_id"":""b3ead045-06be-6cc1-7db9-842031415184""}}"
2025-11-03T18:23:27.991Z,workflow.trigger,usr_57432,Sales,INFO,success,2898,"{""request_id"":""591871e1-7e23-44dc-77e9-0f8afd729deb"",""trace_id"":""7afce675e613d44dbc5878739efcea58"",""http"":{""method"":""DELETE"",""path"":""/api/v2/audit-log"",""status_code"":200,""latency_ms"":325,""user_agent"":""PostmanRuntime/7.36.1""},""client"":{""ip_address"":""83.224.90.131"",""country"":""JP"",""device_type"":""desktop""},""context"":{""session_id"":""sess_1394b73464feb0724d53fd32"",""tenant_id"":""tnt_598"",""region"":""eu-central-1"",""feature_flags"":[""beta_search"",""ai_assist""]},""metadata"":{""source"":""mobile"",""severity"":""INFO"",""retry_count"":0,""correlation_id"":""2d12ed0f-ab0a-9a50-378e-83dd8792ce2d""}}"
2025-11-03T18:29:34.308Z,user.logout,usr_52875,Marketing,WARN,success,4168,"{""request_id"":""c4b7d40b-a1e6-1029-e9f9-3e0c0a7c90fb"",""trace_id"":""726159f313996593d1d378417df84d56"",""http"":{""method"":""PUT"",""path"":""/api/v2/permissions"",""status_code"":200,""latency_ms"":1869,""user_agent"":""AcmeCorpMobile/4.12.0 (iOS 17.2; iPhone15,3)""},""client"":{""ip_address"":""33.247.250.154"",""country"":""CA"",""device_type"":""mobile""},""context"":{""session_id"":""sess_a3207b424768762b2914b387"",""tenant_id"":""tnt_326"",""region"":""us-east-1"",""feature_flags"":[""beta_search"",""export_v3"",""ai_assist""]},""metadata"":{""source"":""web"",""severity"":""WARN"",""retry_count"":0,""correlation_id"":""4eaa6c45-cb05-0f61-3f54-701abad69bf3""}}"
2025-11-03T18:30:03.319Z,document.create,usr_45711,Sales,INFO,success,3110,"{""request_id"":""ccc7aaed-6034-7a32-80d2-9637c1729316"",""trace_id"":""a965d81a61859d34ecdf091ce691b927"",""http"":{""method"":""POST"",""path"":""/api/v2/webhooks"",""status_code"":200,""latency_ms"":1117,""user_agent"":""Mozilla/5.0 (X11; Linux x86_64) AppleWebKit/537.36 (KHTML, like Gecko) Chrome/119.0.0.0 Safari/537.36""},""client"":{""ip_address"":""190.172.77.10"",""country"":""SG"",""device_type"":""server""},""context"":{""session_id"":""sess_a209941489cd7c6eafdf08db"",""tenant_id"":""tnt_534"",""region"":""us-east-1"",""feature_flags"":[""beta_search"",""export_v3""]},""metadata"":{""source"":""cli"",""severity"":""INFO"",""retry_count"":0,""correlation_id"":""e76a3d73-245f-e305-2980-4ef9a47fe9ca""}}"
2025-11-03T18:42:06.963Z,document.create,usr_53389,Sales,INFO,success,515,"{""request_id"":""c515a023-7356-20ce-d02f-2de64290fa10"",""trace_id"":""ceef9a4cbe87943d16669534c0f2e789"",""http"":{""method"":""DELETE"",""path"":""/api/v2/search"",""status_code"":200,""latency_ms"":652,""user_agent"":""AcmeCorpMobile/4.12.0 (iOS 17.2; iPhone15,3)""},""client"":{""ip_address"":""202.128.61.143"",""country"":""CA"",""device_type"":""tablet""},""context"":{""session_id"":""sess_fa58570065fa0850a34d52a2"",""tenant_id"":""tnt_134"",""region"":""eu-central-1"",""feature_flags"":[""audit_v2"",""sso_scim"",""export_v3""]},""metadata"":{""source"":""web"",""severity"":""INFO"",""retry_count"":0,""correlation_id"":""22ba989f-9db5-aefe-c7db-8b4d20a44f5a""}}"
2025-11-03T18:53:31.993Z,document.share,usr_18513,Finance,INFO,success,4123,"{""request_id"":""f8b207fa-325d-48c8-cdcf-cf4afa058c13"",""trace_id"":""0e3b63f2e471020f3282c95558fb6e07"",""http"":{""method"":""PUT"",""path"":""/api/v2/workspaces"",""status_code"":200,""latency_ms"":355,""user_agent"":""Mozilla/5.0 (X11; Linux x86_64) AppleWebKit/537.36 (KHTML, like Gecko) Chrome/119.0.0.0 Safari/537.36""},""client"":{""ip_address"":""166.147.106.88"",""country"":""AU"",""device_type"":""tablet""},""context"":{""session_id"":""sess_c02082bdf9e8456b4d5af794"",""tenant_id"":""tnt_444"",""region"":""us-east-1"",""feature_flags"":[""new_ui"",""beta_search"",""audit_v2""]},""metadata"":{""source"":""mobile"",""severity"":""INFO"",""retry_count"":0,""correlation_id"":""f8fa8876-9125-4963-b1d7-726aff30ee4b""}}"
2025-11-03T18:55:08.017Z,document.update,usr_70124,Legal,WARN,success,1369,"{""request_id"":""0f33cf10-7c1e-5a9f-5d96-09681d6e4e64"",""trace_id"":""376c59a1f1554a6c1e90b037c46f7e33"",""http"":{""method"":""GET"",""path"":""/api/v2/search"",""status_code"":200,""latency_ms"":616,""user_agent"":""PostmanRuntime/7.36.1""},""client"":{""ip_address"":""173.246.17.67"",""country"":""CA"",""device_type"":""mobile""},""context"":{""session_id"":""sess_f6d8c5d6af4e68a967b372d8"",""tenant_id"":""tnt_614"",""region"":""eu-west-1"",""feature_flags"":[""sso_scim"",""audit_v2""]},""metadata"":{""source"":""mobile"",""severity"":""WARN"",""retry_count"":0,""correlation_id"":""df76cea4-2087-b83b-d985-b52743a2f357""}}"
2025-11-03T19:02:50.230Z,document.delete,usr_56824,Engineering,INFO,success,4367,"{""request_id"":""cdee9725-818b-c45b-ed6c-4376af2c7d02"",""trace_id"":""31b59072f2b6f32a70a7e2284d11a41c"",""http"":{""method"":""POST"",""path"":""/api/v2/webhooks"",""status_code"":200,""latency_ms"":729,""user_agent"":""python-requests/2.31.0""},""client"":{""ip_address"":""74.235.215.163"",""country"":""SG"",""device_type"":""server""},""context"":{""session_id"":""sess_9a44458e890f626bc95c0533"",""tenant_id"":""tnt_868"",""region"":""us-east-1"",""feature_flags"":[""sso_scim"",""ai_assist""]},""metadata"":{""source"":""web"",""severity"":""INFO"",""retry_count"":0,""correlation_id"":""ef577a39-16e6-dd60-0d3f-f67507245d46""}}"
2025-11-03T19:17:34.633Z,document.share,usr_30574,Marketing,INFO,success,3292,"{""request_id"":""48fd6777-0a1e-c7a4-1f9c-5a60f851f904"",""trace_id"":""e3ca088181f8d4f18cab796c72da89b3"",""http"":{""method"":""GET"",""path"":""/api/v1/reports/generate"",""status_code"":200,""latency_ms"":2193,""user_agent"":""PostmanRuntime/7.36.1""},""client"":{""ip_address"":""213.20.186.103"",""country"":""AU"",""device_type"":""server""},""context"":{""session_id"":""sess_7dde2df574e1902d4c891243"",""tenant_id"":""tnt_805"",""region"":""eu-central-1"",""feature_flags"":[""audit_v2"",""sso_scim""]},""metadata"":{""source"":""mobile"",""severity"":""INFO"",""retry_count"":0,""correlation_id"":""2bee3a15-533f-3983-eee3-621a03ea2569""}}"
2025-11-03T19:20:33.483Z,document.delete,usr_51195,Operations,INFO,success,3111,"{""request_id"":""9f96ac41-301e-2d05-98a1-05b6d4c2cb81"",""trace_id"":""12f118fb22c0ce3b01198db4c09d8c90"",""http"":{""method"":""POST"",""path"":""/api/v2/search"",""status_code"":200,""latency_ms"":2163,""user_agent"":""Mozilla/5.0 (Windows NT 10.0; Win64; x64) AppleWebKit/537.36 (KHTML, like Gecko) Chrome/120.0.0.0 Safari/537.36""},""client"":{""ip_address"":""139.110.249.77"",""country"":""US"",""device_type"":""server""},""context"":{""session_id"":""sess_d808a2729f4933214238df9a"",""tenant_id"":""tnt_426"",""region"":""ap-southeast-1"",""feature_flags"":[""sso_scim"",""ai_assist"",""beta_search""]},""metadata"":{""source"":""api"",""severity"":""INFO"",""retry_count"":0,""correlation_id"":""c73d84f0-d103-349d-30e4-f06fff497212""}}"
2025-11-03T19:35:14.598Z,document.update,usr_56390,Operations,INFO,success,3699,"{""request_id"":""67a6b75e-82a0-0235-a476-40082dc1f499"",""trace_id"":""b69126bdb42583d9ec47ee30c81423ae"",""http"":{""method"":""PATCH"",""path"":""/api/v1/reports/generate"",""status_code"":200,""latency_ms"":2319,""user_agent"":""Mozilla/5.0 (Windows NT 10.0; Win64; x64) AppleWebKit/537.36 (KHTML, like Gecko) Chrome/120.0.0.0 Safari/537.36""},""client"":{""ip_address"":""223.160.184.232"",""country"":""IE"",""device_type"":""mobile""},""context"":{""session_id"":""sess_f481854022aed7769bb5a7b4"",""tenant_id"":""tnt_909"",""region"":""ap-northeast-1"",""feature_flags"":[""sso_scim"",""audit_v2"",""export_v3""]},""metadata"":{""source"":""web"",""severity"":""INFO"",""retry_count"":0,""correlation_id"":""ccdfc80c-7288-e4cf-487a-63a6aa147e21""}}"
2025-11-03T19:46:49.137Z,document.delete,usr_85292,Operations,INFO,success,1265,"{""request_id"":""3fdabe5c-4410-03f7-2105-ae8d6a806b88"",""trace_id"":""6006dcfdf0d954700c592d8aa676d553"",""http"":{""method"":""POST"",""path"":""/api/v2/auth/token"",""status_code"":200,""latency_ms"":856,""user_agent"":""Mozilla/5.0 (Windows NT 10.0; Win64; x64) AppleWebKit/537.36 (KHTML, like Gecko) Chrome/120.0.0.0 Safari/537.36""},""client"":{""ip_address"":""112.153.117.180"",""country"":""GB"",""device_type"":""server""},""context"":{""session_id"":""sess_9a24be1faeee9bb0357f7ffe"",""tenant_id"":""tnt_859"",""region"":""us-west-2"",""feature_flags"":[""beta_search"",""audit_v2"",""new_ui""]},""metadata"":{""source"":""api"",""severity"":""INFO"",""retry_count"":0,""correlation_id"":""a9036524-aa4a-9be7-b6ff-da51c7cd9878""}}"
2025-11-03T20:01:31.854Z,permission.revoke,usr_71536,HR,WARN,success,1065,"{""request_id"":""d990e1ee-1cd6-3d11-2f34-82e475eb6b0f"",""trace_id"":""aeb1f64a9950680828d244f2498d42c5"",""http"":{""method"":""DELETE"",""path"":""/api/v2/permissions"",""status_code"":200,""latency_ms"":1509,""user_agent"":""PostmanRuntime/7.36.1""},""client"":{""ip_address"":""165.13.64.25"",""country"":""FR"",""device_type"":""server""},""context"":{""session_id"":""sess_dd3e5387cf60e1a05eb51f5f"",""tenant_id"":""tnt_202"",""region"":""eu-central-1"",""feature_flags"":[""beta_search"",""export_v3"",""ai_assist""]},""metadata"":{""source"":""api"",""severity"":""WARN"",""retry_count"":0,""correlation_id"":""702b6367-984e-3ac2-30cb-7ee9f16f7601""}}"
2025-11-03T20:07:34.633Z,user.logout,usr_62617,Sales,INFO,pending,1258,"{""request_id"":""4ad3d918-3d8e-c42b-62d8-7f931dc51977"",""trace_id"":""bd2224725cad919172d966bdddd1576b"",""http"":{""method"":""PATCH"",""path"":""/api/v2/auth/token"",""status_code"":401,""latency_ms"":1140,""user_agent"":""Mozilla/5.0 (X11; Linux x86_64) AppleWebKit/537.36 (KHTML, like Gecko) Chrome/119.0.0.0 Safari/537.36""},""client"":{""ip_address"":""166.225.235.147"",""country"":""AU"",""device_type"":""desktop""},""context"":{""session_id"":""sess_67a0fa4d37a82555128b482f"",""tenant_id"":""tnt_314"",""region"":""us-west-2"",""feature_flags"":[""export_v3"",""audit_v2"",""sso_scim""]},""metadata"":{""source"":""mobile"",""severity"":""INFO"",""retry_count"":0,""correlation_id"":""f9c45143-dc64-9f60-2954-85ff4ad033f6""}}"
2025-11-03T20:19:31.232Z,user.logout,usr_96925,Legal,INFO,success,2172,"{""request_id"":""56e6d3c4-18b1-e2a9-1111-80ea31a98707"",""trace_id"":""f66252755145ce41ed94d15182b8897c"",""http"":{""method"":""PUT"",""path"":""/api/v2/workspaces"",""status_code"":200,""latency_ms"":2194,""user_agent"":""Mozilla/5.0 (Macintosh; Intel Mac OS X 10_15_7) AppleWebKit/605.1.15 (KHTML, like Gecko) Version/17.2 Safari/605.1.15""},""client"":{""ip_address"":""6.229.29.230"",""country"":""SG"",""device_type"":""server""},""context"":{""session_id"":""sess_ec5c22a97e60833417e4ab5d"",""tenant_id"":""tnt_893"",""region"":""ap-southeast-1"",""feature_flags"":[""export_v3""]},""metadata"":{""source"":""web"",""severity"":""INFO"",""retry_count"":0,""correlation_id"":""7f01ffa9-d4cd-6676-9e4f-d35f729cf260""}}"
2025-11-03T20:25:35.636Z,auth.mfa_challenge,usr_78664,HR,INFO,success,182,"{""request_id"":""5dfaaa46-3a5c-f09f-05de-5f8fe8abd33d"",""trace_id"":""5ffd90e4868dc415e1906b5b9dc46034"",""http"":{""method"":""DELETE"",""path"":""/api/v2/documents"",""status_code"":200,""latency_ms"":254,""user_agent"":""Mozilla/5.0 (Macintosh; Intel Mac OS X 10_15_7) AppleWebKit/605.1.15 (KHTML, like Gecko) Version/17.2 Safari/605.1.15""},""client"":{""ip_address"":""115.101.149.242"",""country"":""CA"",""device_type"":""server""},""context"":{""session_id"":""sess_76c9a9d496393bb0c3f4bab3"",""tenant_id"":""tnt_494"",""region"":""us-east-1"",""feature_flags"":[""audit_v2""]},""metadata"":{""source"":""web"",""severity"":""INFO"",""retry_count"":0,""correlation_id"":""7f5b0d8f-14c0-90ab-60d3-a14f6156bee1""}}"
2025-11-03T20:37:04.147Z,document.update,usr_92076,HR,ERROR,success,1693,"{""request_id"":""7762092a-6b8e-1cdd-f9cf-4f263332dd60"",""trace_id"":""c90eb99dd1b6fcc1758e8b004bae42f5"",""http"":{""method"":""PATCH"",""path"":""/api/v1/reports/generate"",""status_code"":200,""latency_ms"":53,""user_agent"":""PostmanRuntime/7.36.1""},""client"":{""ip_address"":""52.28.200.98"",""country"":""DE"",""device_type"":""tablet""},""context"":{""session_id"":""sess_c1f048a8c13fe4bdc7af45be"",""tenant_id"":""tnt_206"",""region"":""ap-southeast-1"",""feature_flags"":[""beta_search"",""new_ui"",""sso_scim""]},""metadata"":{""source"":""web"",""severity"":""ERROR"",""retry_count"":0,""correlation_id"":""b6d1bca9-6368-1925-89e8-51e3f62f5a73""}}"
2025-11-03T20:37:52.501Z,api.request,usr_62721,Marketing,INFO,pending,2906,"{""request_id"":""88868544-6e01-0005-8753-06e9d837b004"",""trace_id"":""f67f8a06f2e60e7481e94bdccaab4c45"",""http"":{""method"":""PATCH"",""path"":""/api/v2/auth/token"",""status_code"":404,""latency_ms"":1723,""user_agent"":""Mozilla/5.0 (Macintosh; Intel Mac OS X 10_15_7) AppleWebKit/605.1.15 (KHTML, like Gecko) Version/17.2 Safari/605.1.15""},""client"":{""ip_address"":""191.77.109.79"",""country"":""GB"",""device_type"":""tablet""},""context"":{""session_id"":""sess_4894f33dfef7d7f921de8dbe"",""tenant_id"":""tnt_490"",""region"":""us-west-2"",""feature_flags"":[""sso_scim"",""ai_assist""]},""metadata"":{""source"":""api"",""severity"":""INFO"",""retry_count"":0,""correlation_id"":""a58f8a95-4c5c-fe36-ed04-3c59a7f5202a""}}"
2025-11-03T20:43:23.320Z,user.password_reset,usr_44486,Support,INFO,success,3561,"{""request_id"":""8c4beaa3-6096-6b26-4577-4e520932c8c4"",""trace_id"":""daed1cf5ce1ccaa4ce84ddbe0cfcca71"",""http"":{""method"":""GET"",""path"":""/api/v2/permissions"",""status_code"":200,""latency_ms"":1129,""user_agent"":""Mozilla/5.0 (Macintosh; Intel Mac OS X 10_15_7) AppleWebKit/605.1.15 (KHTML, like Gecko) Version/17.2 Safari/605.1.15""},""client"":{""ip_address"":""13.40.198.83"",""country"":""AU"",""device_type"":""mobile""},""context"":{""session_id"":""sess_909f93b8facf02e0dc0f41f6"",""tenant_id"":""tnt_750"",""region"":""eu-west-1"",""feature_flags"":[""audit_v2"",""export_v3"",""sso_scim""]},""metadata"":{""source"":""mobile"",""severity"":""INFO"",""retry_count"":0,""correlation_id"":""07251a23-fcbc-95b7-c8ac-45c248595939""}}"
2025-11-03T20:52:47.809Z,workflow.trigger,usr_56254,Legal,INFO,success,3823,"{""request_id"":""888ee67a-e46e-65a7-fef0-da69e240a96f"",""trace_id"":""32109977f9b5dc493e19079a3f437de3"",""http"":{""method"":""PUT"",""path"":""/api/v2/search"",""status_code"":200,""latency_ms"":1663,""user_agent"":""Mozilla/5.0 (X11; Linux x86_64) AppleWebKit/537.36 (KHTML, like Gecko) Chrome/119.0.0.0 Safari/537.36""},""client"":{""ip_address"":""186.191.65.95"",""country"":""IE"",""device_type"":""desktop""},""context"":{""session_id"":""sess_a8571041492440e411199a4d"",""tenant_id"":""tnt_493"",""region"":""us-east-1"",""feature_flags"":[""export_v3""]},""metadata"":{""source"":""mobile"",""severity"":""INFO"",""retry_count"":0,""correlation_id"":""c982c860-2e5b-911a-459e-249400d3b031""}}"
2025-11-03T20:59:17.852Z,document.share,usr_44208,Finance,WARN,failure,1195,"{""request_id"":""c58e86f8-4d28-2083-fe4a-db495e46a746"",""trace_id"":""f4b34bbe9cceedf1c554c74c96b76ec0"",""http"":{""method"":""GET"",""path"":""/api/v1/reports/generate"",""status_code"":400,""latency_ms"":1738,""user_agent"":""PostmanRuntime/7.36.1""},""client"":{""ip_address"":""41.59.133.59"",""country"":""FR"",""device_type"":""desktop""},""context"":{""session_id"":""sess_ab19bb11ee4466a39a7cb0b0"",""tenant_id"":""tnt_335"",""region"":""eu-west-1"",""feature_flags"":[""sso_scim"",""new_ui"",""audit_v2""]},""metadata"":{""source"":""web"",""severity"":""WARN"",""retry_count"":2,""correlation_id"":""f60ea325-6f02-4042-6d38-a860fdb6d003""}}"
2025-11-03T21:11:08.553Z,auth.mfa_challenge,usr_57308,Support,INFO,success,460,"{""request_id"":""0a3a0f40-9648-6f99-31cd-aaba2a386fdb"",""trace_id"":""50075c27a3bd3e280da9fadc1822a9ce"",""http"":{""method"":""DELETE"",""path"":""/api/v2/auth/token"",""status_code"":200,""latency_ms"":1045,""user_agent"":""Mozilla/5.0 (Macintosh; Intel Mac OS X 10_15_7) AppleWebKit/605.1.15 (KHTML, like Gecko) Version/17.2 Safari/605.1.15""},""client"":{""ip_address"":""17.203.193.8"",""country"":""US"",""device_type"":""server""},""context"":{""session_id"":""sess_787fabc23902a2018ab791b3"",""tenant_id"":""tnt_472"",""region"":""eu-west-1"",""feature_flags"":[""export_v3""]},""metadata"":{""source"":""mobile"",""severity"":""INFO"",""retry_count"":0,""correlation_id"":""89f55e45-7f65-853e-9757-c2e4588fb4e4""}}"
2025-11-03T21:22:00.228Z,workflow.trigger,usr_36976,Legal,INFO,failure,684,"{""request_id"":""bda2f149-d456-6157-d18e-0ad9ec31630d"",""trace_id"":""0aaa3d0fcc28d756a34650379b9b945a"",""http"":{""method"":""GET"",""path"":""/api/v2/webhooks"",""status_code"":500,""latency_ms"":2240,""user_agent"":""Mozilla/5.0 (X11; Linux x86_64) AppleWebKit/537.36 (KHTML, like Gecko) Chrome/119.0.0.0 Safari/537.36""},""client"":{""ip_address"":""180.242.196.193"",""country"":""AU"",""device_type"":""desktop""},""context"":{""session_id"":""sess_759a6b9c92cc1d86419b4380"",""tenant_id"":""tnt_728"",""region"":""us-west-2"",""feature_flags"":[""new_ui"",""ai_assist""]},""metadata"":{""source"":""api"",""severity"":""INFO"",""retry_count"":0,""correlation_id"":""8cf826b2-d9f8-3fb3-47de-c0991a6f6b3f""}}"
2025-11-03T21:27:53.320Z,auth.mfa_challenge,usr_68283,Sales,INFO,success,846,"{""request_id"":""a8957a5d-79b2-77cc-c259-61edafcf0852"",""trace_id"":""9cf7db10e3e6a5bad2a3e419009990df"",""http"":{""method"":""POST"",""path"":""/api/v2/workspaces"",""status_code"":200,""latency_ms"":552,""user_agent"":""PostmanRuntime/7.36.1""},""client"":{""ip_address"":""142.36.74.171"",""country"":""DE"",""device_type"":""mobile""},""context"":{""session_id"":""sess_c9cf175127b7b46a05681e97"",""tenant_id"":""tnt_761"",""region"":""ap-northeast-1"",""feature_flags"":[""beta_search"",""ai_assist"",""audit_v2""]},""metadata"":{""source"":""cli"",""severity"":""INFO"",""retry_count"":0,""correlation_id"":""c7a7cceb-5262-8434-3996-e94c94c22231""}}"
2025-11-03T21:33:29.381Z,document.create,usr_35145,Operations,INFO,success,4255,"{""request_id"":""70e30540-8fd3-104f-9516-9284e2c2d66a"",""trace_id"":""c02982702b79d9764defd5bbc2d2ed70"",""http"":{""method"":""PUT"",""path"":""/api/v2/webhooks"",""status_code"":200,""latency_ms"":1092,""user_agent"":""Mozilla/5.0 (Windows NT 10.0; Win64; x64) AppleWebKit/537.36 (KHTML, like Gecko) Chrome/120.0.0.0 Safari/537.36""},""client"":{""ip_address"":""229.30.5.29"",""country"":""SG"",""device_type"":""tablet""},""context"":{""session_id"":""sess_37111251ea41f60afc29dd17"",""tenant_id"":""tnt_326"",""region"":""eu-west-1"",""feature_flags"":[""sso_scim""]},""metadata"":{""source"":""api"",""severity"":""INFO"",""retry_count"":0,""correlation_id"":""f12da137-6801-dc78-8e66-a209744a9680""}}"
2025-11-03T21:36:01.306Z,workflow.trigger,usr_59501,Marketing,INFO,failure,3324,"{""request_id"":""6213169a-1c8a-6556-a978-7c72512529ff"",""trace_id"":""10b65b1cfcb2c28e3e72f173fc1cbf39"",""http"":{""method"":""POST"",""path"":""/api/v2/auth/token"",""status_code"":403,""latency_ms"":1458,""user_agent"":""PostmanRuntime/7.36.1""},""client"":{""ip_address"":""230.85.120.5"",""country"":""FR"",""device_type"":""desktop""},""context"":{""session_id"":""sess_cd2fd85fef1a4f2ab6efb9ee"",""tenant_id"":""tnt_347"",""region"":""ap-northeast-1"",""feature_flags"":[""audit_v2"",""export_v3"",""ai_assist""]},""metadata"":{""source"":""cli"",""severity"":""INFO"",""retry_count"":1,""correlation_id"":""8fd1fbc6-ea38-9668-5627-f9eb0c53d766""}}"
2025-11-03T21:42:28.864Z,user.login,usr_38255,Legal,INFO,success,1220,"{""request_id"":""361ea182-9688-508e-7b1e-d35b5867c359"",""trace_id"":""b9c5403fade2ba05a86485435bd897bc"",""http"":{""method"":""DELETE"",""path"":""/api/v2/search"",""status_code"":200,""latency_ms"":584,""user_agent"":""Mozilla/5.0 (Macintosh; Intel Mac OS X 10_15_7) AppleWebKit/605.1.15 (KHTML, like Gecko) Version/17.2 Safari/605.1.15""},""client"":{""ip_address"":""239.193.169.170"",""country"":""IE"",""device_type"":""tablet""},""context"":{""session_id"":""sess_ee0c6261bb3ae0707e720acf"",""tenant_id"":""tnt_979"",""region"":""us-east-1"",""feature_flags"":[""audit_v2""]},""metadata"":{""source"":""cli"",""severity"":""INFO"",""retry_count"":0,""correlation_id"":""c18f9dc8-4592-44e2-11a7-924396b32de1""}}"
